id,first_name,last_name,email,phone_number,address,city,state,country,age
0,Micheal,de Merida,mdemerida0@latimes.com,343-391-8097,6765 Commercial Drive,Ziguinchor,,Senegal,36
1,Wendell,Breckon,wbreckon1@cnn.com,313-137-1385,2 Ramsey Parkway,Olinda,,Brazil,18
2,Traver,Faustin,tfaustin2@npr.org,445-470-7636,5477 Petterle Court,Muromtsevo,,Russia,63
3,Jessy,Helm,jhelm3@ucsd.edu,790-810-4095,0 Morningstar Avenue,Rambatan,,Indonesia,100
4,Morgen,Hornbuckle,mhornbuckle4@baidu.com,383-934-7814,133 Columbus Place,Montecristi,,Ecuador,94
5,Dulcinea,Adamovich,dadamovich5@biblegateway.com,925-353-2530,1431 Thierer Parkway,Petrópolis,,Brazil,56
6,Sarita,Wetherick,swetherick6@squarespace.com,731-113-3039,4769 Orin Pass,Aberdeen,SCT,United Kingdom,23
7,Nicola,Bewley,nbewley7@ft.com,302-957-2539,609 Old Shore Way,Newark,DE,United States,54
8,Temp,Gristhwaite,tgristhwaite8@technorati.com,402-691-6302,06 Mccormick Drive,Ensanche Luperón,,Dominican Republic,98
9,Ailyn,Scrange,ascrange9@webmd.com,159-670-1643,712 Towne Pass,Olejet,,Indonesia,93
10,Liuka,Beardsell,lbeardsella@statcounter.com,124-154-0694,16239 Rutledge Circle,Wangdun,,China,70
11,Penny,Leney,pleneyb@usgs.gov,681-594-8800,24327 Glendale Terrace,Yushan,,China,37
12,Ines,Phalip,iphalipc@bbc.co.uk,904-391-4023,3 5th Hill,Jacksonville,FL,United States,55
13,Gustave,Long,glongd@usda.gov,337-699-6292,6 Village Green Street,Shuangxikou,,China,86
14,Marve,D'Aguanno,mdaguannoe@ask.com,352-964-9515,455 Lukken Point,Riebiņi,,Latvia,77
15,Darline,Aleksandrov,daleksandrovf@eepurl.com,500-114-9802,89 Montana Parkway,Arcos,18,Portugal,78
16,Uta,Vakhrushin,uvakhrushing@geocities.jp,298-717-0957,9 Golf View Drive,Kondinskoye,,Russia,88
17,Frances,Rudge,frudgeh@surveymonkey.com,700-890-6549,4021 Erie Point,Bei’an,,China,18
18,Al,Hearmon,ahearmoni@ucsd.edu,441-661-8270,75688 Coolidge Way,Putat Lor,,Indonesia,51
19,Louella,Forcade,lforcadej@indiatimes.com,920-340-5685,2229 Briar Crest Alley,Moquegua,,Peru,73
20,Rufe,Mariolle,rmariollek@pcworld.com,732-969-8532,967 Northview Crossing,Rumāh,,Yemen,37
21,Theodora,Glowach,tglowachl@wsj.com,893-291-1980,5 Bluejay Junction,Banja Luka,,Bosnia and Herzegovina,58
22,Suellen,Foxwell,sfoxwellm@omniture.com,562-280-6560,4934 Scofield Court,Guanting,,China,60
23,Schuyler,Bouskill,sbouskilln@topsy.com,962-232-5079,2982 Parkside Terrace,Baiquan,,China,29
24,Marlene,Burkart,mburkarto@parallels.com,228-789-2701,36 Delaware Avenue,Pontes e Lacerda,,Brazil,64
25,Eadith,Rubel,erubelp@icq.com,944-269-0593,6720 Fulton Plaza,Dalupirip,,Philippines,49
26,Godfry,Shimoni,gshimoniq@cornell.edu,361-403-6488,3740 Armistice Center,Parakanhonje Wetan,,Indonesia,91
27,Alis,Kier,akierr@php.net,496-679-6770,92 Crest Line Parkway,Daye,,China,29
28,Corenda,Rudolfer,crudolfers@histats.com,166-892-3112,82 Center Parkway,Kitango,,Philippines,37
29,Rodolph,Tillot,rtillott@apple.com,495-920-7885,7597 Pierstorff Circle,Ratilangi,,Indonesia,43
30,Christin,Storton,cstortonu@cpanel.net,880-304-6661,8212 Monica Lane,Shufeng,,China,39
31,Siward,McPeeters,smcpeetersv@wix.com,245-167-2348,97 7th Center,Shijing,,China,45
32,Auguste,Rowell,arowellw@chicagotribune.com,910-390-0140,785 Carey Circle,Budapest,BU,Hungary,40
33,Antons,Monini,amoninix@prlog.org,712-934-6238,3365 Grasskamp Alley,Liuxiang,,China,76
34,Josiah,Yeld,jyeldy@usatoday.com,782-597-4713,38565 Westport Park,Pedro Juan Caballero,,Paraguay,30
35,Allyn,Stapforth,astapforthz@statcounter.com,482-262-8426,6181 Ilene Trail,Le Havre,A7,France,62
36,Ches,McGurk,cmcgurk10@jimdo.com,269-240-6078,77 Fair Oaks Point,Quzi,,China,84
37,Howey,Mawhinney,hmawhinney11@live.com,382-802-0117,4 Arapahoe Terrace,Anle,,China,58
38,Lyn,Bolino,lbolino12@liveinternet.ru,358-825-1659,208 Melody Street,Cahuacho,,Peru,93
39,Christiana,Pladen,cpladen13@reddit.com,159-150-4082,00102 Dawn Way,Buy,,Russia,84
40,Ives,Schimank,ischimank14@google.co.jp,261-408-2856,74 Randy Terrace,Ovacik,35,Turkey,21
41,Zonnya,Fabbri,zfabbri15@1688.com,100-226-9251,61740 Haas Place,Itatinga,,Brazil,98
42,Bobbie,Lammers,blammers16@mlb.com,780-121-6773,871 Lawn Road,Zabaykal’sk,,Russia,93
43,Zachery,Courage,zcourage17@washingtonpost.com,993-290-3411,3 Pearson Alley,Santo Antônio do Içá,,Brazil,48
44,Tad,Foro,tforo18@sitemeter.com,578-127-2520,7 Basil Hill,Yevpatoriya,,Ukraine,85
45,Rees,enzley,renzley19@cdbaby.com,668-892-7725,7 Bunker Hill Avenue,Týn nad Vltavou,,Czech Republic,75
46,Minnaminnie,Brumfitt,mbrumfitt1a@indiatimes.com,128-144-2430,4 Morningstar Lane,Želetava,,Czech Republic,98
47,Tamra,Abbatt,tabbatt1b@tripadvisor.com,436-763-9634,7 Atwood Street,Tahe,,China,55
48,Phedra,Cressar,pcressar1c@bravesites.com,454-567-6201,11 Ryan Place,Mayahi,,Niger,76
49,Curtice,Shortin,cshortin1d@acquirethisname.com,642-771-9457,9 Crest Line Terrace,Strazhitsa,,Bulgaria,60
50,Nissa,Hurtic,nhurtic1e@miitbeian.gov.cn,951-293-4383,69157 Dryden Road,Yubileynyy,,Russia,51
51,Sharia,Bergin,sbergin1f@techcrunch.com,981-776-3112,49 Scoville Park,Mirontsi,,Comoros,53
52,Roley,Iiannoni,riiannoni1g@japanpost.jp,849-716-2375,0 Dennis Drive,Jiru,,China,41
53,Korey,Maytom,kmaytom1h@howstuffworks.com,307-534-1012,5490 Elgar Plaza,Wulijie,,China,84
54,Teador,Hender,thender1i@addtoany.com,820-864-1051,85187 Hooker Street,Magarao,,Philippines,76
55,Desiri,Rivallant,drivallant1j@surveymonkey.com,484-398-7133,49033 Chinook Parkway,Smederevo,,Serbia,75
56,Brit,Dreher,bdreher1k@ustream.tv,640-466-2096,33002 Forster Park,Bendoroto,,Indonesia,92
57,Joannes,Insley,jinsley1l@cdbaby.com,352-621-3188,4 Oriole Crossing,Sumberkindagan,,Indonesia,65
58,Alane,Bogue,abogue1m@issuu.com,856-570-2578,4 Loftsgordon Alley,Polepy,,Czech Republic,37
59,Emera,Kinman,ekinman1n@youtube.com,736-188-3462,34367 Graceland Street,Horka nad Moravou,,Czech Republic,83
60,Merrill,Otton,motton1o@cornell.edu,999-177-9899,31785 Lotheville Drive,Aipe,,Colombia,84
61,Malina,Darkott,mdarkott1p@google.com.hk,988-543-0378,173 Karstens Place,Mamara,,Peru,25
62,Phillie,Garnar,pgarnar1q@princeton.edu,942-713-3942,12788 Tony Alley,Tadmur,,Syria,91
63,Karel,Mohring,kmohring1r@yellowpages.com,948-528-3587,42819 Village Street,Jendouba,,Tunisia,63
64,Fin,Lalley,flalley1s@alibaba.com,823-906-1175,476 Mayer Court,Oenpeotnai,,Indonesia,51
65,Tonnie,Davitt,tdavitt1t@hugedomains.com,425-714-6428,89 Atwood Court,Ladário,,Brazil,39
66,Tadeas,Decourt,tdecourt1u@netlog.com,990-481-9136,008 Saint Paul Avenue,Yiyang,,China,64
67,Berk,Starrs,bstarrs1v@unc.edu,339-217-9855,50144 Kingsford Street,Siteki,,Swaziland,53
68,Dex,Dunwoody,ddunwoody1w@ftc.gov,956-616-5541,60 Loeprich Pass,Kawęczyn,,Poland,94
69,Sloan,Stannard,sstannard1x@themeforest.net,874-877-5735,1233 Duke Park,Zeerust,,South Africa,78
70,Lizzy,Shearn,lshearn1y@senate.gov,558-445-8111,66050 Fulton Parkway,Javorník,,Czech Republic,78
71,Amabel,Houndsom,ahoundsom1z@hc360.com,564-697-4491,81 Mifflin Place,Kiviõli,,Estonia,47
72,Pietra,Sitwell,psitwell20@icq.com,532-709-2074,1 Utah Plaza,Chinchiná,,Colombia,22
73,Ginnifer,Ormes,gormes21@networkadvertising.org,859-870-2740,852 Rigney Center,Kalahang,,Indonesia,83
74,Byram,Hesser,bhesser22@europa.eu,275-913-5722,16981 Lotheville Lane,Borino,,Bulgaria,62
75,Kalindi,Dudney,kdudney23@newyorker.com,559-378-2126,0 Mariners Cove Drive,Žrnovo,,Croatia,21
76,Davidde,Allchin,dallchin24@ovh.net,690-889-4820,59 Eagle Crest Park,Mbomba,,Indonesia,21
77,Woodrow,Stonuary,wstonuary25@loc.gov,853-957-6660,6 East Hill,Velasco Ibarra,,Ecuador,77
78,Frasco,Gentile,fgentile26@usda.gov,784-730-5156,7 Leroy Avenue,Puerto Barrios,,Guatemala,60
79,Maurita,Abbay,mabbay27@canalblog.com,671-169-0434,922 Elka Place,Milíkov,,Czech Republic,24
80,Gabbie,Titley,gtitley28@buzzfeed.com,430-163-6706,6 Westerfield Crossing,Jawatiwa,,Indonesia,94
81,Thorny,Alejandre,talejandre29@i2i.jp,501-622-4979,6725 Surrey Center,Cochrane,AB,Canada,99
82,Myles,Goodridge,mgoodridge2a@amazonaws.com,989-196-2122,82 Esker Drive,Bang Rakam,,Thailand,20
83,Craggy,Daughtery,cdaughtery2b@army.mil,600-431-8547,9153 Prairie Rose Drive,Haiphong,,Vietnam,65
84,Lydie,Duinbleton,lduinbleton2c@chicagotribune.com,891-782-7856,9 Coolidge Terrace,Candon,,Philippines,48
85,Lorne,Gemmell,lgemmell2d@lulu.com,726-843-5560,7 Gina Hill,Alavieska,,Finland,46
86,Meredithe,Scouller,mscouller2e@ask.com,592-771-6769,88 Golden Leaf Way,Shaami-Yurt,,Russia,70
87,Willy,Glancy,wglancy2f@wikispaces.com,930-338-0287,3 Clove Park,Praia das Maçãs,11,Portugal,31
88,Virgie,Rainsbury,vrainsbury2g@e-recht24.de,399-501-7270,8840 Arapahoe Street,Boneng,,Indonesia,46
89,Ronalda,Trippick,rtrippick2h@disqus.com,438-925-4825,97974 Hazelcrest Plaza,Káto Dhiminió,,Greece,82
90,Howard,Pods,hpods2i@cnbc.com,130-238-8484,152 Green Ridge Junction,Xiongzhang,,China,33
91,Timmy,Tapley,ttapley2j@tinyurl.com,600-374-6472,1 Londonderry Center,Sampaloc,,Philippines,59
92,Shermie,Rigg,srigg2k@who.int,702-155-6619,9136 Atwood Point,Särö,N,Sweden,32
93,Vanda,Warr,vwarr2l@omniture.com,330-979-2561,52 Menomonie Trail,Ishikawa,,Japan,41
94,Cindy,Reburn,creburn2m@illinois.edu,221-676-4788,824 Continental Trail,Limassol,,Cyprus,58
95,Malinda,Fazackerley,mfazackerley2n@seattletimes.com,357-408-5037,91239 Meadow Ridge Avenue,Turirejo,,Indonesia,45
96,Myrtie,Coultass,mcoultass2o@amazon.co.jp,585-550-6627,3925 Eagan Place,Lido,,Indonesia,47
97,Saw,Mullineux,smullineux2p@epa.gov,694-536-3129,12103 Pawling Court,Tsumeb,,Namibia,38
98,Kelcie,McShee,kmcshee2q@google.fr,613-181-1647,023 Darwin Place,Anyuan,,China,34
99,Jenda,Sandhill,jsandhill2r@vistaprint.com,171-309-3379,6 Pankratz Parkway,Xiahong,,China,51
100,Evaleen,Sager,esager2s@marketwatch.com,431-397-9650,5 Twin Pines Junction,Tilburg,6,Netherlands,61
101,Madison,Chislett,mchislett2t@oakley.com,511-390-9436,87550 Mifflin Crossing,Rancagua,,Chile,83
102,Hyacinthie,Penburton,hpenburton2u@cornell.edu,349-126-5864,1 Crownhardt Alley,Yanglinqiao,,China,78
103,Nickolai,Aaron,naaron2v@noaa.gov,366-781-2710,7922 Independence Terrace,Lahoysk,,Belarus,100
104,Egon,Readie,ereadie2w@livejournal.com,512-159-1628,1055 Arapahoe Street,Prosperidad,,Philippines,39
105,Ax,Spackman,aspackman2x@newsvine.com,958-166-1374,10125 Butterfield Terrace,Rakaia,,New Zealand,61
106,Ansell,Gheraldi,agheraldi2y@lulu.com,472-156-4764,27 Continental Drive,Al Ḩāmūl,,Egypt,67
107,Nady,Riddett,nriddett2z@sbwire.com,612-886-5282,4 Bowman Terrace,Malangabang,,Philippines,78
108,Valeria,Treker,vtreker30@youtube.com,170-887-6159,5387 Schiller Terrace,Baie-D'Urfé,QC,Canada,24
109,Skelly,Bovis,sbovis31@vistaprint.com,964-445-6907,90 Shelley Road,Buyant,,Mongolia,30
110,Robers,Jeduch,rjeduch32@hc360.com,948-264-8285,2 Wayridge Parkway,Irirum,,Philippines,44
111,Giovanni,Leisman,gleisman33@salon.com,205-753-3759,3055 Farragut Center,Peer,,Indonesia,85
112,Cacilia,Darrach,cdarrach34@devhub.com,259-875-6076,4 Elgar Point,Palaiseau,A8,France,96
113,Aleksandr,Ida,aida35@bbc.co.uk,748-900-2723,6726 Schmedeman Terrace,Susanino,,Russia,87
114,Deerdre,Docwra,ddocwra36@pcworld.com,518-669-6356,0 Loftsgordon Crossing,Osekovo,,Croatia,44
115,Marika,Sammut,msammut37@ycombinator.com,859-864-1773,9 Melvin Street,Jiaoxiyakou,,China,54
116,Julina,Thurlbourne,jthurlbourne38@ow.ly,509-981-5037,4 Daystar Place,Twyford,ENG,United Kingdom,34
117,Lenci,Gatherell,lgatherell39@fda.gov,621-667-6847,6865 Lotheville Plaza,Napuro,,Philippines,21
118,Con,Waddy,cwaddy3a@intel.com,288-825-1028,8 Hintze Circle,Kilimatinde,,Tanzania,42
119,Etheline,Spall,espall3b@oakley.com,341-860-2605,44 Hooker Crossing,Fresnes,A8,France,61
120,Vanna,Vlasov,vvlasov3c@discuz.net,908-468-1629,07 Bashford Terrace,Paatan,,Philippines,84
121,Kalie,Mein,kmein3d@drupal.org,682-734-8085,6 Hanson Center,Wāling,,Nepal,86
122,Olivie,Greenwood,ogreenwood3e@myspace.com,714-505-7399,13 Debra Hill,Kedungbanteng Krajan,,Indonesia,78
123,Robena,Ladds,rladds3f@1und1.de,893-612-7226,8247 Rigney Circle,Beloyarskiy,,Russia,89
124,Stacee,Crowder,scrowder3g@drupal.org,946-349-9777,2726 Monterey Point,Ballylinan,,Ireland,60
125,Ben,Morpeth,bmorpeth3h@marketwatch.com,520-305-9529,554 Dunning Junction,Siparia,,Trinidad and Tobago,89
126,Margarethe,Gayne,mgayne3i@usatoday.com,139-760-2810,1094 4th Terrace,Angra do Heroísmo,43,Portugal,89
127,Susann,Aldwick,saldwick3j@wikimedia.org,800-475-0386,0690 Green Drive,Antang,,China,96
128,Jaquenetta,Matten,jmatten3k@businessweek.com,949-240-2285,9064 Mendota Terrace,Ambato,,Ecuador,76
129,Donal,Keeton,dkeeton3l@virginia.edu,177-570-9051,3108 Ilene Way,Kladruby,,Czech Republic,22
130,Dian,Lynam,dlynam3m@pinterest.com,877-690-2006,60 Dottie Park,Norfolk County,ON,Canada,71
131,Tailor,Tradewell,ttradewell3n@goo.gl,123-235-6616,21742 Hanover Court,Ystad,M,Sweden,96
132,Riccardo,Urien,rurien3o@weibo.com,121-579-1970,20 Ludington Lane,Hugang,,China,20
133,Dani,Brittan,dbrittan3p@netvibes.com,491-474-4173,7672 Crest Line Park,Río Alejandro,,Panama,92
134,Anett,O'Donoghue,aodonoghue3q@cdc.gov,773-897-1369,802 American Road,Kuching,SRW,Malaysia,76
135,Charline,Liddard,cliddard3r@tumblr.com,981-779-6590,427 Brentwood Circle,Tidili Mesfioua,,Morocco,88
136,Luelle,Casswell,lcasswell3s@wp.com,735-885-1838,54 Anderson Pass,Carrascal,11,Portugal,71
137,Abrahan,Braisby,abraisby3t@ibm.com,688-530-4759,8 Gerald Drive,Kuleqi,,China,57
138,Kellia,Noonan,knoonan3u@domainmarket.com,464-897-2669,55997 Novick Crossing,Reiko,,South Korea,42
139,Oswell,Waddams,owaddams3v@hatena.ne.jp,887-308-7384,23742 American Ash Avenue,Karangduren Dua,,Indonesia,86
140,Shaun,Treweek,streweek3w@fc2.com,590-997-0494,8481 Hallows Lane,Niort,B7,France,66
141,Roderick,McCrackan,rmccrackan3x@arizona.edu,166-396-1690,4328 Crescent Oaks Way,Passa Quatro,,Brazil,57
142,Loy,Sullivan,lsullivan3y@fc2.com,176-295-9335,7123 Hovde Plaza,Enschede,15,Netherlands,72
143,Francesca,Covelle,fcovelle3z@cisco.com,831-766-8434,9 Village Circle,Timur,,Indonesia,39
144,Joy,Seivwright,jseivwright40@ustream.tv,601-887-1394,01235 Lawn Hill,Serra Talhada,,Brazil,18
145,Anna-diane,Guerola,aguerola41@cpanel.net,163-728-6915,365 Lakewood Gardens Avenue,Kembangkerang Lauk Timur,,Indonesia,82
146,Isobel,Haycroft,ihaycroft42@ca.gov,670-872-7001,2 Oriole Point,Narimanov,,Russia,92
147,Barn,Chance,bchance43@sbwire.com,760-634-0272,2137 Sullivan Lane,Skała,,Poland,82
148,Vachel,Dood,vdood44@netscape.com,124-486-0656,854 Barby Crossing,Barra do Garças,,Brazil,66
149,Alasdair,Fraschini,afraschini45@rambler.ru,602-333-7399,03 Delaware Drive,Buka,,Indonesia,59
150,Kandy,Quinney,kquinney46@nature.com,397-463-8079,9 Northview Lane,Zhengguo,,China,92
151,Rebeka,Durran,rdurran47@unblog.fr,793-228-3021,123 Kinsman Street,Shibi,,China,56
152,Belicia,Iacovino,biacovino48@sina.com.cn,726-676-3978,54044 Memorial Lane,Salgado,,Brazil,88
153,Pat,Rentoll,prentoll49@feedburner.com,680-271-7434,84670 Prentice Street,Nakhon Phanom,,Thailand,80
154,Judi,O'Connel,joconnel4a@vk.com,442-282-3905,3 Mallory Crossing,Aradac,,Serbia,24
155,Glynnis,Sartain,gsartain4b@illinois.edu,207-636-8735,5952 Eliot Junction,Wenshao,,China,18
156,Chilton,Huggens,chuggens4c@google.nl,783-563-3610,608 Hoepker Plaza,Baroh,,Indonesia,87
157,Rupert,Filewood,rfilewood4d@marriott.com,518-855-4053,9 Lerdahl Park,Cigintung,,Indonesia,49
158,Sherman,Olyfant,solyfant4e@t-online.de,725-790-8822,7 Ridge Oak Street,Moppo,,South Korea,34
159,Cheri,Pensom,cpensom4f@blog.com,874-498-3526,6 Burrows Lane,Aserrío de Gariché,,Panama,99
160,Prinz,Cracknall,pcracknall4g@ifeng.com,531-416-6224,198 Crescent Oaks Place,Myski,,Russia,60
161,Somerset,Lindeman,slindeman4h@altervista.org,470-130-4260,04659 Stang Lane,Gamut,,Philippines,82
162,Homer,Inchbald,hinchbald4i@who.int,816-102-8607,982 Sunbrook Court,Saint Joseph,MO,United States,26
163,Germana,Turbern,gturbern4j@amazon.co.jp,993-480-1560,86 8th Point,Talaibon,,Philippines,73
164,Jeremy,Everal,jeveral4k@t-online.de,301-514-6717,27 Armistice Drive,Ké-Macina,,Mali,77
165,Brooke,Lung,blung4l@weather.com,991-904-8881,1261 Brickson Park Place,Muang Xay,,Laos,29
166,Berthe,Jakubowski,bjakubowski4m@newsvine.com,907-664-8369,64 Charing Cross Parkway,Pakis,,Indonesia,100
167,Kathie,O'Reagan,koreagan4n@whitehouse.gov,610-212-6811,8 Drewry Plaza,Sérvia,,Greece,53
168,Murry,Fairfoull,mfairfoull4o@ebay.com,657-112-9061,85669 Barnett Parkway,Cacocum,,Cuba,100
169,Mariellen,Ferrara,mferrara4p@stumbleupon.com,499-231-8736,470 Rutledge Alley,Araras,,Brazil,69
170,Cati,Aviss,caviss4q@cocolog-nifty.com,943-310-0726,11215 Dwight Park,Kéfalos,,Greece,78
171,Dory,Snalom,dsnalom4r@friendfeed.com,683-985-2513,7 Spenser Place,Sembabule,,Uganda,81
172,Aime,Scyner,ascyner4s@newyorker.com,529-505-3141,68 Arrowood Park,Log,,Russia,44
173,Constantin,Berfoot,cberfoot4t@blogspot.com,244-864-6720,015 Burning Wood Pass,Grammatikó,,Greece,29
174,Trudy,Mangeot,tmangeot4u@shareasale.com,602-268-6069,286 John Wall Avenue,Bato,,Philippines,24
175,Caryl,Hedau,chedau4v@slashdot.org,128-800-3408,7525 Melrose Road,Djibo,,Burkina Faso,21
176,Shina,Skunes,sskunes4w@acquirethisname.com,220-585-0735,186 Charing Cross Drive,Dongqu,,China,66
177,Zebadiah,Clack,zclack4x@i2i.jp,421-714-3857,45 Forster Terrace,Usulután,,El Salvador,45
178,Mildrid,Sasser,msasser4y@sciencedaily.com,136-688-6746,91823 Bartelt Street,Rodez,B3,France,68
179,Lotty,Noor,lnoor4z@hao123.com,599-717-5903,595 Talmadge Court,Velyka Bilozerka,,Ukraine,46
180,Zane,DeSousa,zdesousa50@howstuffworks.com,964-786-0711,8177 Oxford Plaza,Oshnavīyeh,,Iran,91
181,Alfonse,Amaya,aamaya51@soundcloud.com,657-430-5427,5224 Boyd Crossing,Järfälla,AB,Sweden,30
182,Wildon,Huniwall,whuniwall52@china.com.cn,807-433-7761,4 Crownhardt Circle,Pujocucho,,Peru,78
183,Hanny,Balfre,hbalfre53@biblegateway.com,151-371-4498,0 Dexter Road,Poshnje,,Albania,63
184,Raffaello,Kliche,rkliche54@wordpress.com,456-386-5033,7833 Alpine Road,Malata,,Indonesia,57
185,Marsh,Mirrlees,mmirrlees55@nifty.com,481-196-2422,86348 Shoshone Trail,Xinglong,,China,72
186,Mitchell,Sabatier,msabatier56@senate.gov,479-568-6331,047 Burning Wood Parkway,Macedo de Cavaleiros,4,Portugal,78
187,Corey,Thew,cthew57@posterous.com,180-754-8717,2146 Amoth Street,Baipenzhu,,China,77
188,Georg,McEttigen,gmcettigen58@whitehouse.gov,500-956-5585,9 Delaware Road,Zhongluotan,,China,77
189,Alair,Lasselle,alasselle59@cafepress.com,755-757-7542,53 Riverside Alley,Chengxiang,,China,62
190,Jordanna,Crankhorn,jcrankhorn5a@google.it,453-638-5416,2079 Del Sol Way,Karpushikha,,Russia,81
191,Alvira,Eddolls,aeddolls5b@hc360.com,945-348-8955,9 6th Point,Barreira,16,Portugal,18
192,Emmett,France,efrance5c@mapquest.com,442-926-2511,67 Blaine Parkway,Gondomar,3,Portugal,89
193,Myrtle,Verson,mverson5d@clickbank.net,285-469-1671,9 Lotheville Terrace,Montenegro,,Colombia,41
194,Katti,Innis,kinnis5e@xrea.com,704-938-2332,2 Sundown Place,Kez,,Russia,57
195,Deane,Pipes,dpipes5f@senate.gov,576-996-1637,3 Bowman Avenue,Dengfeng,,China,30
196,Ellynn,Monkley,emonkley5g@ed.gov,948-172-9511,01 Lerdahl Place,Trenggulunan,,Indonesia,66
197,Egbert,Vallentin,evallentin5h@purevolume.com,169-718-5824,9834 Ridgeway Terrace,Arcossó,17,Portugal,29
198,Laurent,Harflete,lharflete5i@bluehost.com,606-186-6624,9 Laurel Lane,Masoli,,Philippines,21
199,Ruttger,Hurne,rhurne5j@dell.com,422-792-9439,31 Arizona Crossing,Belisario Dominguez,COA,Mexico,100
200,Les,Flear,lflear5k@toplist.cz,585-379-5468,0613 Everett Parkway,Tamanar,,Morocco,44
201,Gardy,Weatherell,gweatherell5l@epa.gov,518-840-9822,19470 Texas Center,Tairua,,New Zealand,97
202,Alexandre,Laneham,alaneham5m@unblog.fr,785-822-6467,946 Mallard Alley,Bai’e,,China,29
203,Mabel,Paur,mpaur5n@csmonitor.com,499-900-4938,1313 Graedel Court,At-Bashi,,Kyrgyzstan,30
204,Kristina,Persian,kpersian5o@microsoft.com,138-784-5209,9 Mcguire Drive,Bima,,Indonesia,77
205,Salli,Doey,sdoey5p@usatoday.com,572-589-9190,550 Dahle Road,Xingxi,,China,68
206,Arleen,Stille,astille5q@wix.com,417-669-1476,38933 Atwood Alley,Nsanje,,Malawi,74
207,Bradford,Roddie,broddie5r@msu.edu,181-343-8589,295 Oneill Avenue,Sabanalarga,,Colombia,21
208,Derril,Permain,dpermain5s@home.pl,803-678-6121,79 Stephen Point,Kunmi Erdi,,China,32
209,Tessi,Netherclift,tnetherclift5t@sciencedirect.com,881-844-8708,445 Bluestem Drive,Duy Xuyên,,Vietnam,95
210,Prudence,Strathdee,pstrathdee5u@oaic.gov.au,405-751-6648,1593 Ludington Plaza,Mirandopólis,,Brazil,75
211,Guglielmo,Parradice,gparradice5v@kickstarter.com,101-254-7397,6 Leroy Court,Shiree,,Mongolia,77
212,Carine,Paulmann,cpaulmann5w@4shared.com,228-870-0842,9450 Grim Avenue,Las Mesas,,Venezuela,28
213,Pauline,Horsewood,phorsewood5x@kickstarter.com,228-998-2510,54 Fordem Hill,Neos Voutzás,,Greece,61
214,Joceline,Eric,jeric5y@weibo.com,612-168-7975,3 Darwin Circle,Minneapolis,MN,United States,73
215,Lynnelle,Ginnety,lginnety5z@comcast.net,971-229-1998,97557 Claremont Alley,Araouane,,Mali,76
216,Maxie,Stonhewer,mstonhewer60@gizmodo.com,883-190-9429,8 Bartelt Trail,Beiping,,China,41
217,Christos,Salleir,csalleir61@multiply.com,337-854-9674,785 Continental Street,La Paz,,Uruguay,81
218,Ernest,Wentworth,ewentworth62@si.edu,523-349-1957,33094 Saint Paul Plaza,Yangsha,,China,55
219,Daniele,Walrond,dwalrond63@gov.uk,175-704-3398,1 Prairie Rose Lane,Nueve de Julio,,Argentina,80
220,Frederique,Burnitt,fburnitt64@nyu.edu,572-847-2217,21 Straubel Court,Zyablikovo,,Russia,50
221,Dino,Jedrych,djedrych65@yellowpages.com,373-372-2397,97139 7th Terrace,Leskovac,,Serbia,60
222,Libby,Elcock,lelcock66@reddit.com,432-803-6078,2 Upham Court,Sanjwāl,,Pakistan,49
223,Jenilee,Duferie,jduferie67@pcworld.com,144-558-3913,301 Maywood Parkway,Břasy,,Czech Republic,31
224,Jamima,Waterfall,jwaterfall68@altervista.org,938-576-0451,2 Burrows Lane,Vicente Guerrero,VER,Mexico,90
225,Mame,Sandbrook,msandbrook69@sohu.com,303-569-8251,5236 Lotheville Drive,Velké Meziříčí,,Czech Republic,93
226,Tam,Engelmann,tengelmann6a@mapquest.com,463-370-3362,764 Sommers Place,Trpinja,,Croatia,44
227,Gwenni,Bryns,gbryns6b@earthlink.net,880-541-2775,52333 Steensland Place,Bakung Utara,,Indonesia,27
228,Nikolaos,Borsay,nborsay6c@geocities.jp,134-194-7251,344 Paget Drive,Kotakaya Dua,,Indonesia,65
229,Emelia,Caddies,ecaddies6d@nhs.uk,308-620-2415,41 Fordem Avenue,Lethbridge,AB,Canada,74
230,Kip,Petrak,kpetrak6e@comcast.net,743-834-9685,7176 Bluejay Drive,Samajie Ewenkeminzu,,China,36
231,Oralia,Jacobbe,ojacobbe6f@bigcartel.com,136-398-2439,8 Maple Wood Lane,Reshetylivka,,Ukraine,89
232,Charyl,Fransseni,cfransseni6g@webs.com,747-607-8345,91 Birchwood Crossing,Fuwah,,Egypt,59
233,Otis,Meckiff,omeckiff6h@hexun.com,648-918-6305,84580 Kinsman Point,Łaziska Górne,,Poland,77
234,Ada,Trowsdale,atrowsdale6i@parallels.com,746-115-9969,39523 Sundown Circle,Veinticinco de Mayo,,Argentina,29
235,Marcus,Croy,mcroy6j@slashdot.org,238-931-7262,35270 Fairfield Trail,Xibër-Murrizë,,Albania,75
236,Marline,Kremer,mkremer6k@businessweek.com,927-179-1183,5 Marquette Parkway,Stockholm,AB,Sweden,69
237,Reynold,Mertin,rmertin6l@washington.edu,319-718-4244,774 Lotheville Terrace,Töreboda,O,Sweden,49
238,Jillane,Crosher,jcrosher6m@yelp.com,568-443-0913,0095 4th Trail,Jiucaigou,,China,22
239,Maggie,Barbie,mbarbie6n@pagesperso-orange.fr,915-842-3325,94766 Buell Plaza,Jixing,,China,31
240,Vyky,Coyte,vcoyte6o@cornell.edu,775-724-0203,79734 Mifflin Park,Reno,NV,United States,86
241,Ardyce,Gisborne,agisborne6p@booking.com,221-554-5525,18 Thierer Park,Ölgiy,,Mongolia,71
242,Caryl,Newborn,cnewborn6q@upenn.edu,696-777-6131,6 Mallard Junction,Gongdao,,China,68
243,Devonna,Keely,dkeely6r@columbia.edu,256-885-2645,36417 Lakewood Center,Trmice,,Czech Republic,21
244,Leodora,Yvens,lyvens6s@google.com,379-353-7778,42 Starling Street,Kalmar,H,Sweden,20
245,Delora,Daen,ddaen6t@wufoo.com,823-619-1965,1393 Golf Course Point,Ribeirão Preto,,Brazil,84
246,Wesley,Yoseloff,wyoseloff6u@about.com,506-953-7467,048 Thierer Crossing,Pozo Hondo,,Argentina,82
247,Lucina,Oliphant,loliphant6v@indiatimes.com,554-348-7425,225 Bashford Parkway,Canedo,1,Portugal,67
248,Umberto,Bonnesen,ubonnesen6w@reuters.com,245-260-6838,9 Atwood Terrace,Vittoriosa,,Malta,92
249,Glendon,Solly,gsolly6x@jigsy.com,968-424-0189,6275 Caliangt Pass,Épinal,B2,France,87
250,Pamela,Toller,ptoller6y@yelp.com,422-555-1369,41 Glacier Hill Road,Suruhan,,Indonesia,95
251,Briggs,Clissell,bclissell6z@mapquest.com,814-902-5265,01934 Spohn Hill,Tarkwa,,Ghana,83
252,Adaline,Robertacci,arobertacci70@posterous.com,238-866-1082,8 Shopko Place,Qiantang,,China,53
253,Fairfax,Gatland,fgatland71@bloglovin.com,165-504-0508,7 Wayridge Terrace,Quebradas,,Honduras,20
254,Trent,Nelles,tnelles72@yandex.ru,822-619-1482,844 Aberg Center,Isla,,Philippines,78
255,Rosina,Pettus,rpettus73@issuu.com,659-754-7016,69 Amoth Point,Wanling,,China,71
256,Rahel,Jozwicki,rjozwicki74@amazon.co.uk,764-630-9199,17879 Marcy Pass,Hepingyizu,,China,39
257,Agneta,Fogarty,afogarty75@blogger.com,243-955-0954,097 Kings Alley,Perpignan,A9,France,29
258,Eleanora,Dommerque,edommerque76@state.tx.us,202-211-4286,099 Oxford Point,Shanghang,,China,74
259,Frants,Floyd,ffloyd77@exblog.jp,218-431-3940,3 Susan Junction,Noling,,Philippines,20
260,Catie,Martino,cmartino78@google.co.jp,853-964-6717,1073 Stephen Drive,Huanren,,China,33
261,Cara,Crab,ccrab79@sina.com.cn,519-220-0530,0 Kinsman Avenue,Anahuac,VER,Mexico,68
262,Melvyn,Galler,mgaller7a@a8.net,251-575-9048,1629 Prentice Place,Mobile,AL,United States,53
263,Beaufort,Keesman,bkeesman7b@hc360.com,348-794-8324,3226 Arkansas Court,Pszczyna,,Poland,29
264,Maude,Critch,mcritch7c@bbb.org,458-810-3417,853 Orin Lane,Deskáti,,Greece,68
265,Hannah,Pickaver,hpickaver7d@eepurl.com,156-147-9894,223 Bayside Point,Jinotepe,,Nicaragua,26
266,Garrott,Boagey,gboagey7e@columbia.edu,621-351-8529,03 Village Plaza,Verkhniy Yasenov,,Ukraine,51
267,Gregory,Selwood,gselwood7f@chicagotribune.com,760-346-8729,72 Cordelia Drive,Iradan,,Kyrgyzstan,38
268,Karrah,Puttick,kputtick7g@photobucket.com,980-226-3550,4865 Sommers Court,Daqiao,,China,47
269,Ruperta,Medler,rmedler7h@google.com.hk,732-719-0579,0 Randy Place,Budapest,BU,Hungary,27
270,Kelbee,Tompion,ktompion7i@cnet.com,731-759-4754,9719 Monica Plaza,Ferdinandovac,,Croatia,22
271,Yves,De Filippo,ydefilippo7j@chron.com,278-680-9453,73844 Reinke Hill,Versailles,A8,France,37
272,Phyllys,Crock,pcrock7k@instagram.com,538-889-1876,3 Myrtle Avenue,Chaoyangdong,,China,36
273,Itch,Garvin,igarvin7l@slashdot.org,812-812-2825,0472 Hudson Street,Jeffersonville,IN,United States,22
274,Vladamir,Mohan,vmohan7m@ucoz.com,498-217-3121,06 Westridge Lane,Cikabuyutan Barat,,Indonesia,24
275,Sibby,Ahearne,sahearne7n@netvibes.com,638-144-0776,3015 Pine View Terrace,Blatná,,Czech Republic,47
276,Willi,Mabb,wmabb7o@gravatar.com,733-170-6620,7 Summerview Circle,Panyam,,Nigeria,19
277,Heall,Scherer,hscherer7p@upenn.edu,754-928-9849,38 Forster Center,Torino,PM,Italy,73
278,Ninon,Domek,ndomek7q@linkedin.com,414-547-1020,2936 Sutherland Point,Huolianpo,,China,29
279,Alic,Rowbotham,arowbotham7r@google.co.jp,245-694-0232,1 Division Hill,Sundsvall,Y,Sweden,79
280,Kaile,Obern,kobern7s@moonfruit.com,517-911-9711,035 Monterey Junction,Béboto,,Chad,67
281,Maddie,Halleday,mhalleday7t@dedecms.com,874-179-3695,41340 Westport Park,Elimäki,,Finland,87
282,Lazarus,Well,lwell7u@vistaprint.com,725-877-1121,77832 Gulseth Hill,Baní,,Dominican Republic,42
283,Gannie,Bonifazio,gbonifazio7v@omniture.com,579-538-2999,506 Del Sol Parkway,Wanjia,,China,60
284,Simone,Dodman,sdodman7w@topsy.com,747-805-8891,3297 Miller Park,Neftegorsk,,Russia,19
285,Merrill,Linthead,mlinthead7x@ifeng.com,735-848-1974,5579 Chive Terrace,Izvestkovyy,,Russia,89
286,Tessi,Girardin,tgirardin7y@dell.com,890-903-1030,1558 Moland Center,Chone,,Ecuador,64
287,Say,Gingedale,sgingedale7z@pbs.org,917-159-8829,0 Eagan Trail,Kugri,,China,63
288,Cecilio,Orans,corans80@shinystat.com,830-131-1728,9419 Dapin Place,Avarua,,Cook Islands,62
289,Del,Braghini,dbraghini81@springer.com,531-900-1225,45253 Dovetail Pass,Paços,1,Portugal,79
290,Alvinia,Suggey,asuggey82@economist.com,356-159-6330,91 Pond Point,Domampot,,Philippines,92
291,Candie,Smeaton,csmeaton83@meetup.com,620-655-9185,4 Nobel Alley,Anwen,,China,74
292,Horatius,McGillreich,hmcgillreich84@eepurl.com,767-122-4708,4 Prairieview Alley,Panjing,,China,54
293,Amitie,Pakenham,apakenham85@china.com.cn,547-321-5785,4369 Vernon Alley,L-Iklin,,Malta,51
294,Talya,Micco,tmicco86@samsung.com,142-742-0900,5 Dottie Lane,Visaginas,,Lithuania,51
295,Janean,Farnorth,jfarnorth87@intel.com,818-869-1298,7 Gulseth Avenue,Balin,,China,42
296,Wileen,Haskins,whaskins88@squarespace.com,611-923-7879,1550 Warner Terrace,Oganlima,,Indonesia,50
297,Lazarus,Tawse,ltawse89@youku.com,263-313-2376,462 Sherman Pass,Sarae,,Indonesia,42
298,Free,Aughtie,faughtie8a@tamu.edu,298-531-5363,8992 Service Road,Wołomin,,Poland,82
299,Lew,Ronca,lronca8b@github.io,100-786-6279,4 Shasta Street,Ormož,,Slovenia,73
300,Ezri,Slimm,eslimm8c@mozilla.org,661-846-7456,3 Cascade Avenue,Aţ Ţaybah,,Palestinian Territory,38
301,Arri,Gartside,agartside8d@google.es,201-725-0623,34 Gerald Park,Berdorf,,Luxembourg,45
302,Regan,Borgnol,rborgnol8e@un.org,984-205-3198,617 Golf Course Pass,Waipare,,Indonesia,47
303,Jo,Coltan,jcoltan8f@princeton.edu,787-163-9193,282 Weeping Birch Park,Qarchī Gak,,Afghanistan,54
304,Constanta,Greguol,cgreguol8g@simplemachines.org,347-164-7512,779 Atwood Street,Brejoeira,15,Portugal,38
305,Pollyanna,Rosingdall,prosingdall8h@qq.com,342-284-7116,15744 Butterfield Crossing,Grängesberg,W,Sweden,65
306,Jerrine,Hartfleet,jhartfleet8i@nationalgeographic.com,164-126-0819,341 Iowa Court,Pamedilan,,Indonesia,84
307,Berky,Gittoes,bgittoes8j@blogs.com,326-237-1041,4 Farmco Alley,Punggurharjo,,Indonesia,49
308,Janette,Quartermain,jquartermain8k@ed.gov,845-134-1614,7 Kipling Plaza,Temuco,,Chile,60
309,Karine,Fulmen,kfulmen8l@google.it,253-947-9170,8590 Drewry Trail,Suwaru,,Indonesia,24
310,Melvyn,Briar,mbriar8m@cornell.edu,213-526-2127,52082 Bobwhite Plaza,Hejia,,China,61
311,Scottie,Maruska,smaruska8n@acquirethisname.com,324-456-1587,60614 American Terrace,Taraan,,Indonesia,21
312,Inesita,Hounson,ihounson8o@slashdot.org,108-941-2680,0889 Kipling Park,Bojongloa,,Indonesia,28
313,Cristy,Delieu,cdelieu8p@marketwatch.com,853-584-9640,3 Gateway Point,Báguanos,,Cuba,92
314,Correy,De Ferrari,cdeferrari8q@wikispaces.com,471-720-8273,82798 Nelson Hill,Babakansalam,,Indonesia,45
315,Britte,Ellsbury,bellsbury8r@chron.com,947-621-1383,51 Anderson Drive,Santa Cruz das Flores,48,Portugal,83
316,Fons,Hurl,fhurl8s@digg.com,551-554-0726,269 Shasta Point,Gonghe,,China,65
317,Trudey,Leidl,tleidl8t@paypal.com,888-992-6605,06337 Schurz Park,Suba,,Philippines,30
318,Janean,Dunton,jdunton8u@cbc.ca,943-715-0068,93433 Leroy Plaza,East End,ENG,United Kingdom,85
319,Charlena,Brothwood,cbrothwood8v@elegantthemes.com,183-835-0791,3924 Sullivan Crossing,Selenicë,,Albania,68
320,Conn,Windham,cwindham8w@so-net.ne.jp,431-534-6512,5043 Scoville Plaza,Numan,,Nigeria,59
321,Adrienne,Mayes,amayes8x@angelfire.com,644-697-2506,661 Pleasure Street,Gonghe,,China,20
322,Lee,Wiffield,lwiffield8y@weibo.com,532-664-6492,2 Anzinger Point,Talagasari,,Indonesia,53
323,Yvor,Thiem,ythiem8z@drupal.org,809-742-2094,9 Riverside Road,Priob’ye,,Russia,36
324,Jeralee,Lindores,jlindores90@dagondesign.com,868-580-9906,1037 Swallow Circle,Veselí nad Moravou,,Czech Republic,37
325,Lucretia,McCurley,lmccurley91@amazonaws.com,403-509-6331,2 Old Gate Place,Si Ma Cai,,Vietnam,72
326,Natale,Piesing,npiesing92@about.com,506-360-9593,05479 Algoma Trail,Xujiafang,,China,43
327,Umeko,Bryden,ubryden93@gmpg.org,890-147-2725,85468 Gale Point,Daliyuan,,China,27
328,Prudi,Clampett,pclampett94@cmu.edu,443-466-9889,0 Autumn Leaf Alley,Kolokani,,Mali,49
329,Yorke,Murrum,ymurrum95@nationalgeographic.com,747-175-2747,94 Village Way,Mendī,,Ethiopia,52
330,Grete,Petts,gpetts96@umn.edu,430-559-8415,5 Grim Junction,Wadeng,,Indonesia,96
331,Kliment,O'Hanley,kohanley97@slideshare.net,478-439-2745,268 Pleasure Crossing,Huwei,,China,82
332,Alie,Geerits,ageerits98@illinois.edu,554-976-8572,8 Coleman Drive,Beckerich,,Luxembourg,24
333,Benjie,Dugdale,bdugdale99@naver.com,683-206-1940,9 Crescent Oaks Road,Siquisique,,Venezuela,89
334,Lemuel,Winfindine,lwinfindine9a@ucoz.com,648-288-2552,058 Parkside Alley,Giado,,Libya,24
335,Bernetta,Frayne,bfrayne9b@ucla.edu,719-492-1675,1692 Maywood Park,Methóni,,Greece,53
336,Pauly,Hirth,phirth9c@dailymotion.com,678-694-4371,19 Gina Circle,Kalinovskaya,,Russia,86
337,Ilse,Swyne,iswyne9d@stumbleupon.com,882-978-5292,309 Grasskamp Alley,Lemland,,Aland Islands,32
338,Goddard,Pepineaux,gpepineaux9e@yandex.ru,611-279-1665,8446 La Follette Alley,Qian’an,,China,61
339,Dixie,Enterle,denterle9f@pagesperso-orange.fr,158-813-6594,1965 Ilene Court,Mirsk,,Poland,38
340,Padraig,Candwell,pcandwell9g@virginia.edu,109-986-7294,006 Morningstar Junction,Tadotsu,,Japan,57
341,Arlene,Fery,afery9h@hubpages.com,122-856-9518,033 Longview Junction,Chociwel,,Poland,45
342,Rudd,De Mars,rdemars9i@wisc.edu,331-206-9611,68605 Dixon Alley,Paccha,,Peru,49
343,Tyne,Peggram,tpeggram9j@cloudflare.com,183-143-4654,859 Hermina Parkway,Stockholm,AB,Sweden,29
344,Jabez,Yarrell,jyarrell9k@geocities.jp,835-830-0097,7972 Stang Lane,Tours,A3,France,39
345,Bev,Mapston,bmapston9l@ucla.edu,759-331-4904,5963 Kingsford Road,Khamyāb,,Afghanistan,96
346,Kiersten,Bonellie,kbonellie9m@moonfruit.com,611-790-7544,85 Columbus Way,Embu,,Brazil,94
347,Levin,Gytesham,lgytesham9n@google.it,551-845-2439,4910 Superior Street,Driyorejo,,Indonesia,36
348,Elfie,Tweedell,etweedell9o@virginia.edu,875-670-8243,7 Killdeer Pass,Kaliro,,Uganda,55
349,Filmore,Wanjek,fwanjek9p@ow.ly,204-951-9608,19296 Badeau Parkway,Alingsås,O,Sweden,94
350,Luigi,Rudkin,lrudkin9q@usnews.com,195-435-8376,25545 Gina Court,Simpangpasir,,Indonesia,96
351,Karry,Jedryka,kjedryka9r@virginia.edu,594-784-6122,5671 Dakota Pass,Akouda,,Tunisia,24
352,Lacee,Sandwick,lsandwick9s@unblog.fr,604-913-9032,38 Fisk Center,Safotulafai,,Samoa,43
353,Helenelizabeth,Borzoni,hborzoni9t@livejournal.com,849-440-6819,85 Browning Drive,Longuita,,Peru,72
354,Leonidas,Danshin,ldanshin9u@cargocollective.com,170-770-7140,5 Ridgeway Drive,Calilegua,,Argentina,79
355,Tally,Brimilcombe,tbrimilcombe9v@skype.com,865-144-9430,38691 Nelson Road,Daguyun,,China,65
356,Stewart,Heinsh,sheinsh9w@washington.edu,661-605-8970,468 Blue Bill Park Point,Antiguo Cuscatlán,,El Salvador,21
357,Sigfrid,Horburgh,shorburgh9x@nbcnews.com,230-757-7452,46 Almo Junction,Beizhakou,,China,99
358,Stacy,MacGuigan,smacguigan9y@who.int,609-416-1288,9 Lakewood Way,Voyutychi,,Ukraine,48
359,Karine,Tubbs,ktubbs9z@themeforest.net,593-174-9961,9964 Katie Plaza,Sydney,NSW,Australia,79
360,Lavinie,Tewnion,ltewniona0@pbs.org,268-421-7318,51 Starling Way,Velká Bíteš,,Czech Republic,68
361,Michelina,Delafont,mdelafonta1@sakura.ne.jp,357-740-1490,625 Fieldstone Circle,Ash Shāmīyah,,Kuwait,70
362,Kiri,Mathissen,kmathissena2@msu.edu,595-121-1058,9379 Garrison Court,Agrela,16,Portugal,75
363,Rena,Quinevan,rquinevana3@hatena.ne.jp,605-472-5120,8861 Oriole Avenue,Victoria,,El Salvador,48
364,Tades,Hogsden,thogsdena4@sbwire.com,360-927-5891,4 Hayes Street,Olympia,WA,United States,80
365,Sadie,Bartke,sbartkea5@diigo.com,815-654-2859,70 South Place,Sundsvall,Y,Sweden,24
366,Neal,Reeves,nreevesa6@themeforest.net,877-192-9114,3651 Scott Center,Caridade,7,Portugal,55
367,Eyde,Bertot,ebertota7@theguardian.com,235-218-7451,2686 Northview Parkway,Dubrava,,Croatia,63
368,Oliy,Leither,oleithera8@google.pl,859-202-4464,391 Merry Road,Eskilstuna,D,Sweden,49
369,Brit,Jerams,bjeramsa9@indiatimes.com,504-203-4245,74089 Dennis Park,La Esperanza,VER,Mexico,86
370,Traver,Sapauton,tsapautonaa@gravatar.com,927-372-2461,56 Shopko Hill,Landerneau,A2,France,59
371,Eda,Iddiens,eiddiensab@latimes.com,244-471-9038,34794 Maryland Place,Fermoy,,Ireland,18
372,Hilda,Josskowitz,hjosskowitzac@reddit.com,515-194-3608,7398 North Alley,Pingshan,,China,86
373,Delaney,Calan,dcalanad@clickbank.net,220-407-9089,1 Acker Park,Sơn Hà,,Vietnam,91
374,Nessi,Krzysztof,nkrzysztofae@chron.com,290-351-2584,82 Amoth Point,Bolobo,,Democratic Republic of the Congo,82
375,Dilan,Leathwood,dleathwoodaf@mediafire.com,598-955-1113,0 Ryan Place,Guancheng,,China,56
376,Letizia,Unworth,lunworthag@gizmodo.com,286-964-0272,56 Autumn Leaf Crossing,Geidam,,Nigeria,36
377,Jenifer,Eagland,jeaglandah@rakuten.co.jp,206-231-8440,0496 Service Point,Sanjian,,China,42
378,Shaughn,Deabill,sdeabillai@1und1.de,512-702-8243,38720 Stone Corner Plaza,Paracuru,,Brazil,34
379,Felice,Bandey,fbandeyaj@e-recht24.de,376-910-6259,959 Nelson Parkway,Zhaxirabdain,,China,76
380,Nicky,Whetson,nwhetsonak@skype.com,132-566-6374,036 Fremont Junction,Baimajing,,China,82
381,Marika,Ninnoli,mninnolial@pbs.org,584-803-8468,19588 Leroy Avenue,Tumbi,,Tanzania,63
382,Jameson,Brakespear,jbrakespearam@adobe.com,440-583-6228,4455 Roth Crossing,Talca,,Chile,64
383,Krissy,Ludovici,kludovician@rambler.ru,156-159-4194,8360 Amoth Park,Billdal,O,Sweden,65
384,Vilhelmina,Stansfield,vstansfieldao@foxnews.com,405-304-6541,36 Meadow Ridge Park,Volovo,,Russia,45
385,Mathian,D'Hooghe,mdhoogheap@mac.com,814-740-7581,50 Village Road,Delmiro Gouveia,,Brazil,55
386,Jarret,Brooksbie,jbrooksbieaq@rediff.com,177-842-5388,33336 Bowman Center,Tlogowungu,,Indonesia,82
387,Gnni,Carlill,gcarlillar@smh.com.au,644-356-9462,03529 Waywood Point,Dzięgielów,,Poland,28
388,Loy,Betty,lbettyas@netscape.com,459-827-7724,467 Katie Terrace,Zavitinsk,,Russia,25
389,Charissa,Birdwhistle,cbirdwhistleat@360.cn,502-370-3902,36 Arapahoe Way,Miłosław,,Poland,29
390,Lauren,Ratt,lrattau@indiegogo.com,427-254-5153,4923 Warbler Circle,Kuala Lumpur,KUL,Malaysia,79
391,Shelden,Wellan,swellanav@simplemachines.org,791-536-0602,1784 Florence Crossing,Staryy Sambor,,Ukraine,51
392,Thomasa,Mugglestone,tmugglestoneaw@symantec.com,291-895-3287,297 Sheridan Parkway,Ninove,VLG,Belgium,61
393,Dode,Treske,dtreskeax@angelfire.com,188-583-2091,61146 Lakeland Way,Ivanec,,Croatia,61
394,Tybalt,Wales,twalesay@php.net,886-345-3972,26 Ludington Terrace,Galitsy,,Russia,72
395,Annabell,Vanichev,avanichevaz@hibu.com,421-432-7979,6121 Oneill Lane,Roscoff,A2,France,44
396,Brice,Voas,bvoasb0@sogou.com,416-498-1279,495 Onsgard Park,Pierzchnica,,Poland,80
397,Bartolomeo,Stuchburie,bstuchburieb1@about.me,235-834-7280,5204 Spenser Circle,Tarauacá,,Brazil,50
398,Tome,Sherel,tsherelb2@cbsnews.com,520-304-1805,2811 Sunfield Crossing,Prochnookopskaya,,Russia,78
399,Kristofor,Meritt,kmerittb3@github.io,944-234-5444,465 Anthes Center,Al Madīd,,Yemen,26
400,Mellisa,Seville,msevilleb4@tumblr.com,417-797-8977,2278 Fremont Trail,Crasto,13,Portugal,69
401,Aylmar,Linton,alintonb5@friendfeed.com,818-368-3636,6237 7th Pass,Mulhouse,C1,France,71
402,Chelsae,Mawby,cmawbyb6@illinois.edu,857-466-4849,61 Heath Circle,Áno Sýros,,Greece,28
403,Paton,Plinck,pplinckb7@about.com,345-523-3077,04 Namekagon Junction,Kalembutillu,,Indonesia,45
404,Griz,Mantrip,gmantripb8@prlog.org,740-647-5755,75727 Algoma Parkway,Semënovskoye,,Russia,68
405,Rodrick,Chatel,rchatelb9@buzzfeed.com,148-250-2390,9 International Hill,Tongli,,China,33
406,Dale,Cockton,dcocktonba@sogou.com,761-115-8504,7 Pankratz Crossing,Tha Ruea,,Thailand,81
407,Rog,Faldoe,rfaldoebb@chicagotribune.com,719-617-9587,082 Doe Crossing Point,Lillers,B4,France,19
408,Constancy,Barense,cbarensebc@guardian.co.uk,596-512-1411,7592 Rusk Drive,Ýdra,,Greece,30
409,Elianore,Juarez,ejuarezbd@cnet.com,110-913-4345,822 Moland Junction,Cukangpanjang,,Indonesia,99
410,Rheba,Dyte,rdytebe@blogs.com,960-453-0532,62182 Roth Trail,Đắk Song,,Vietnam,89
411,Sidonnie,Tring,stringbf@boston.com,923-123-0679,42 Pearson Center,Kobleve,,Ukraine,93
412,Heda,Keach,hkeachbg@epa.gov,383-601-5947,42564 Hooker Park,Zheleznodorozhnyy,,Russia,97
413,Jorey,Banaszewski,jbanaszewskibh@mlb.com,216-933-9436,1104 Basil Hill,Fovissste,COL,Mexico,49
414,Nannie,Senecaut,nsenecautbi@acquirethisname.com,410-326-9493,98 Manitowish Court,Lethem,,Guyana,55
415,Emery,De Roeck,ederoeckbj@chron.com,172-719-5867,1323 Claremont Plaza,Chantepie,A2,France,68
416,Kameko,Corriea,kcorrieabk@boston.com,479-553-4272,6 Melody Avenue,Fort Smith,AR,United States,64
417,Ulick,Gilsthorpe,ugilsthorpebl@goo.ne.jp,782-226-2513,7289 Anthes Road,Burgersdorp,,South Africa,100
418,Minnaminnie,Block,mblockbm@walmart.com,600-171-2543,99901 Hintze Park,Iballë,,Albania,49
419,Trace,Menilove,tmenilovebn@huffingtonpost.com,508-980-4416,2899 Loomis Crossing,Lappi,,Finland,92
420,Colline,Hobden,chobdenbo@theatlantic.com,498-397-8628,37 Fremont Street,Huandiqiao,,China,22
421,Lucky,Dallinder,ldallinderbp@craigslist.org,738-461-1716,60819 Lien Plaza,Dagang,,China,51
422,Bevon,Rands,brandsbq@washington.edu,962-977-0171,848 Summer Ridge Junction,Guéret,B1,France,31
423,Linnie,Attaway,lattawaybr@nsw.gov.au,162-570-3629,950 Talmadge Parkway,Klavdiyevo-Tarasove,,Ukraine,99
424,Jania,Redmond,jredmondbs@earthlink.net,358-206-3160,57 Amoth Court,Havre-Saint-Pierre,QC,Canada,94
425,Bing,Clews,bclewsbt@taobao.com,850-931-8967,0261 Shelley Hill,Jandira,,Brazil,37
426,Mirabelle,Spuner,mspunerbu@prlog.org,916-963-8641,23702 Rigney Hill,Miyazaki-shi,,Japan,85
427,Elvin,Deaton,edeatonbv@soundcloud.com,878-892-6136,41 Bunting Trail,Omu Aran,,Nigeria,39
428,Abie,Klain,aklainbw@spiegel.de,813-830-5343,45934 5th Alley,Marcara,,Peru,46
429,Veronique,Horsey,vhorseybx@taobao.com,942-778-1371,2763 Sugar Drive,Douz,,Tunisia,97
430,Del,Elstob,delstobby@ox.ac.uk,586-911-0795,2817 Scofield Pass,Tomakomai,,Japan,38
431,Ardis,Cumberledge,acumberledgebz@pagesperso-orange.fr,426-311-8407,61 Dexter Circle,Xiagong,,China,50
432,Xymenes,Borman,xbormanc0@reverbnation.com,921-577-5483,8259 Northfield Trail,Shihuajian,,China,78
433,Beryle,Manning,bmanningc1@usnews.com,264-739-3768,05 Darwin Trail,Sabhā,,Libya,93
434,Marne,Carruthers,mcarruthersc2@microsoft.com,177-268-2106,37721 Memorial Point,Macun,,China,100
435,Gleda,Mingasson,gmingassonc3@facebook.com,885-721-8025,24485 Buhler Junction,Chemin Grenier,,Mauritius,84
436,Dottie,McTrustey,dmctrusteyc4@netlog.com,631-326-2929,7032 Carpenter Plaza,Nangalimang,,Indonesia,22
437,Magdalena,Harpham,mharphamc5@pinterest.com,157-586-0749,7007 Vermont Lane,Bayt ‘Anān,,Palestinian Territory,67
438,Moishe,Enrietto,menriettoc6@mapquest.com,125-983-2141,18 Novick Crossing,Magisterial,COA,Mexico,98
439,Demetris,Lodford,dlodfordc7@hexun.com,573-639-3718,5 Gateway Terrace,Novosibirsk,,Russia,61
440,Ramona,Seabright,rseabrightc8@fema.gov,218-952-5631,9 Erie Hill,Perm,,Russia,18
441,Risa,Ducroe,rducroec9@biblegateway.com,415-273-1400,83680 Roxbury Alley,Leduc,AB,Canada,85
442,Allsun,Tattam,atattamca@telegraph.co.uk,327-955-1863,97 Shasta Court,Bontoc,,Philippines,70
443,Tamera,Swetman,tswetmancb@mtv.com,403-271-3255,74716 Pearson Junction,Da’an,,China,84
444,Maje,Charkham,mcharkhamcc@g.co,716-543-1781,1 Dawn Hill,Wangmo,,China,65
445,Linnea,Grewes,lgrewescd@mit.edu,470-610-2170,4 Pennsylvania Parkway,Ouésso,,Republic of the Congo,31
446,Lonnard,MacCroary,lmaccroaryce@ebay.com,782-339-3342,396 Shopko Park,Zaytā Jammā‘īn,,Palestinian Territory,63
447,Nadya,Farquar,nfarquarcf@skype.com,694-748-0055,868 Londonderry Plaza,Shangma,,China,50
448,Ryan,Mingard,rmingardcg@princeton.edu,610-497-5345,18 Dawn Pass,Lingbei,,China,82
449,Wake,Girth,wgirthch@theglobeandmail.com,647-404-7033,919 Magdeline Drive,Libertad,SON,Mexico,94
450,Novelia,Simoncelli,nsimoncellici@ustream.tv,635-437-4666,266 Gulseth Avenue,Hushan,,China,74
451,Arte,Beeres,abeerescj@sohu.com,494-922-0460,2 Loeprich Plaza,Sieroszewice,,Poland,30
452,Fan,Prover,fproverck@opensource.org,934-860-2264,42323 Helena Park,Fox Creek,AB,Canada,65
453,Helena,Butfield,hbutfieldcl@moonfruit.com,958-803-7632,597 Autumn Leaf Hill,Sindangraja,,Indonesia,81
454,Madelin,Galland,mgallandcm@illinois.edu,377-852-9515,773 Meadow Ridge Hill,San Pedro Apartado,,Philippines,58
455,Osmond,Kintzel,okintzelcn@omniture.com,656-709-4804,572 Sullivan Plaza,Shiraoi,,Japan,62
456,Joelle,Belchambers,jbelchambersco@studiopress.com,600-270-5012,3418 Lien Trail,Santo Adrião Vizela,3,Portugal,48
457,Zedekiah,Fabbri,zfabbricp@multiply.com,926-853-1486,2185 Anniversary Park,Vlissingen,10,Netherlands,78
458,Aida,Presnall,apresnallcq@miitbeian.gov.cn,218-370-2733,75 Lunder Lane,Gareba,,Indonesia,39
459,Gerik,Jess,gjesscr@google.fr,602-272-3403,11 Northland Road,Tashla,,Russia,99
460,Heriberto,Habble,hhabblecs@biblegateway.com,540-685-4541,77 Mallory Point,Baiguo,,China,37
461,Jody,Nerne,jnernect@issuu.com,524-142-2027,21314 Becker Place,Sogamoso,,Colombia,93
462,Erek,Escale,eescalecu@blogtalkradio.com,142-584-0271,1 Kim Junction,Sundbyberg,AB,Sweden,23
463,Troy,Soggee,tsoggeecv@aol.com,158-917-6877,736 Columbus Point,Tenja,,Croatia,81
464,Hynda,Adran,hadrancw@wikimedia.org,799-680-0614,46659 Mcbride Junction,Moog,,Philippines,89
465,Allx,Barrim,abarrimcx@cornell.edu,121-111-8581,497 Sachs Center,Cardona,,Philippines,65
466,Misti,Laister,mlaistercy@economist.com,825-462-1453,4 Dixon Avenue,Antes,1,Portugal,84
467,Finlay,Janca,fjancacz@who.int,976-664-7603,02 Forster Terrace,Ngerengere,,Tanzania,66
468,Samson,St. Clair,sstclaird0@squidoo.com,857-503-6238,0 Norway Maple Street,Pátmos,,Greece,76
469,Margette,Boyn,mboynd1@last.fm,472-516-7259,06336 Fieldstone Crossing,Kunwi,,South Korea,33
470,Elissa,Dreier,edreierd2@hc360.com,469-795-1430,418 Waubesa Junction,Mergayu,,Indonesia,54
471,Raphael,Stannett,rstannettd3@wikimedia.org,495-643-5227,844 John Wall Center,Fengyang,,China,97
472,Kial,Hollington,khollingtond4@domainmarket.com,772-717-6544,869 Oak Valley Court,Esquina,,Argentina,74
473,Vin,Pringuer,vpringuerd5@godaddy.com,440-990-7746,61 Lakeland Hill,Xiapu,,China,75
474,Katey,Dudmarsh,kdudmarshd6@booking.com,489-432-7565,48190 Buena Vista Hill,Albacete,CM,Spain,49
475,Kaitlyn,Sturrock,ksturrockd7@wufoo.com,142-805-7057,955 Kingsford Place,Artémida,,Greece,26
476,Marcelline,Berling,mberlingd8@techcrunch.com,604-505-1230,5 Summer Ridge Drive,Hujigou,,China,21
477,Portia,Yashunin,pyashunind9@homestead.com,757-157-2343,2 Iowa Place,Shah Alam,SGR,Malaysia,24
478,Fidelio,Comer,fcomerda@sfgate.com,985-457-0049,24193 Truax Junction,Burnaby,BC,Canada,95
479,Prudy,Rosewarne,prosewarnedb@deviantart.com,662-546-9672,1227 Village Court,Zhujiang,,China,55
480,Gaston,Deeney,gdeeneydc@networkadvertising.org,494-448-7295,6 Upham Terrace,Kuzhorskaya,,Russia,78
481,Berrie,Shoveller,bshovellerdd@sohu.com,383-570-7842,6457 Fremont Road,Liyang,,China,49
482,Hubert,Finlan,hfinlande@fotki.com,664-278-0641,37 Del Sol Park,Huyuan,,China,69
483,Rolfe,Laxson,rlaxsondf@buzzfeed.com,998-697-8807,6313 Thackeray Street,Kedungwringin,,Indonesia,97
484,Chalmers,Urrey,curreydg@wired.com,603-185-5544,37 Talisman Pass,Tebanah,,Indonesia,95
485,Maxwell,Frede,mfrededh@usnews.com,805-910-3275,448 Dunning Court,Wolbrom,,Poland,32
486,Tessi,Gabriely,tgabrielydi@mit.edu,505-596-1143,4849 Muir Drive,Gritsovskiy,,Russia,67
487,Benedikt,Perryn,bperryndj@behance.net,220-665-6807,55334 Lunder Drive,Non Sung,,Thailand,90
488,Adela,Shiel,ashieldk@photobucket.com,285-800-0211,515 Southridge Pass,Sunagawa,,Japan,44
489,Serena,Samet,ssametdl@squarespace.com,736-942-4281,431 Cascade Plaza,Dolní Čermná,,Czech Republic,31
490,Francesca,Phillcox,fphillcoxdm@comcast.net,727-336-1206,330 Carioca Court,Aengceleng,,Indonesia,40
491,Nanice,Vaneschi,nvaneschidn@shop-pro.jp,201-528-2754,2887 Prairie Rose Parkway,Pampachiri,,Peru,21
492,Pamela,Izak,pizakdo@uiuc.edu,997-446-2677,43 Vidon Hill,Olafulihaa,,Indonesia,21
493,Demetrius,Maffiotti,dmaffiottidp@wordpress.org,486-687-1566,8541 Laurel Street,Svojat,,Bosnia and Herzegovina,76
494,Ottilie,Genge,ogengedq@narod.ru,174-952-8606,61 Helena Pass,Refojos,3,Portugal,39
495,Magnum,Bellin,mbellindr@smh.com.au,969-524-3466,582 Jackson Point,Yulin,,China,71
496,Arie,McPeck,amcpeckds@arstechnica.com,567-817-9313,36 Sauthoff Place,Zhen’an,,China,62
497,Ruthi,Raffels,rraffelsdt@imageshack.us,877-714-4550,03979 Blue Bill Park Court,Changchi,,China,50
498,Roseline,Furneaux,rfurneauxdu@ftc.gov,438-771-1926,1 Towne Point,Pathum Ratchawongsa,,Thailand,95
499,Gil,Bowart,gbowartdv@eepurl.com,562-868-8527,1 Marcy Drive,Negotin,,Serbia,69
500,Cristionna,Kearey,ckeareydw@google.es,922-387-1830,451 Dwight Avenue,Cholpon-Ata,,Kyrgyzstan,93
501,Napoleon,Rosenblad,nrosenbladdx@jalbum.net,171-288-9012,08397 Leroy Avenue,Sypniewo,,Poland,75
502,Albie,Hamley,ahamleydy@alexa.com,270-842-0521,2 Golden Leaf Drive,Padangcermin,,Indonesia,23
503,Christiane,Saunter,csaunterdz@bbb.org,893-786-1751,18694 Washington Place,Wuhu,,China,48
504,Lorianne,Yackiminie,lyackiminiee0@dropbox.com,356-802-7313,97 Schurz Pass,Puutuga,,Indonesia,26
505,Kerk,de'-Ancy Willis,kdeancywillise1@list-manage.com,362-387-6179,3 Fairfield Alley,Chynów,,Poland,31
506,Karyn,Craster,kcrastere2@ftc.gov,342-992-1093,16490 Reinke Pass,Yanwan,,China,82
507,Vaughan,Verdon,vverdone3@noaa.gov,301-273-2297,05 Maywood Terrace,Buliu,,China,55
508,Anne-marie,Maddie,amaddiee4@huffingtonpost.com,268-652-4791,74124 Stone Corner Park,Hor,,China,33
509,Victor,Jacquot,vjacquote5@buzzfeed.com,703-563-7611,4176 Melrose Avenue,Rízoma,,Greece,23
510,Chandra,Silverston,csilverstone6@angelfire.com,921-280-7591,72459 Glacier Hill Parkway,Sanguanzhai,,China,42
511,Shoshanna,Whiscard,swhiscarde7@imgur.com,203-748-5118,247 Hudson Point,Bang Pa-in,,Thailand,70
512,Kasper,Sustins,ksustinse8@yahoo.co.jp,470-662-1479,85133 Havey Road,Sadkowice,,Poland,21
513,Mil,Castelletti,mcastellettie9@virginia.edu,861-350-1098,1657 Stuart Drive,La Cruz,,Colombia,71
514,Maire,Nelsey,mnelseyea@opera.com,844-149-3584,3 Aberg Hill,La Unión,,Colombia,96
515,Heywood,Rummin,hrummineb@archive.org,170-555-2436,9 Vahlen Road,Qingshan,,China,53
516,Harald,Ropartz,hropartzec@phoca.cz,434-643-3440,7 Pearson Plaza,H̱olon,,Israel,43
517,Cahra,Ivers,civersed@pen.io,854-166-2747,9 Kipling Terrace,Ash Shaykh ‘Uthmān,,Yemen,24
518,Kellen,Lanphier,klanphieree@exblog.jp,138-613-6963,638 Springview Circle,Pamplona/Iruña,NC,Spain,32
519,Romonda,Cullingford,rcullingfordef@alibaba.com,588-536-9435,79 Trailsway Place,Virje,,Croatia,42
520,Nikolaos,Trevenu,ntrevenueg@adobe.com,722-649-2225,56923 Brickson Park Alley,Yeoju,,South Korea,89
521,Brent,Commander,bcommandereh@google.cn,428-907-2945,4 Trailsway Lane,Peachland,BC,Canada,24
522,Avram,Hadenton,ahadentonei@sfgate.com,349-871-8534,22423 Glacier Hill Alley,Nanzamu,,China,25
523,Donny,Cammocke,dcammockeej@e-recht24.de,474-791-4387,7 Lawn Way,Pita,,Guinea,34
524,Tierney,Domaschke,tdomaschkeek@businessinsider.com,133-724-8531,5894 Scoville Court,Colón,,Panama,98
525,Rhys,Dewbury,rdewburyel@mlb.com,392-556-5796,86994 Old Shore Parkway,Juai,,Indonesia,58
526,Cathyleen,Canellas,ccanellasem@mlb.com,273-963-2837,2252 Ridgeway Pass,Talok,,Indonesia,21
527,Ferne,Pilsworth,fpilsworthen@gov.uk,111-286-8446,8787 Hanover Way,Chonghe,,China,74
528,Yasmin,Zukerman,yzukermaneo@diigo.com,536-776-8796,1894 Texas Court,Bergen,12,Norway,91
529,Levi,Hearsey,lhearseyep@vkontakte.ru,793-608-9512,22 Holy Cross Drive,Hörby,M,Sweden,51
530,Arda,Farbrace,afarbraceeq@jugem.jp,775-778-6015,95791 Del Mar Trail,Kamieniec Ząbkowicki,,Poland,31
531,Andre,Boullin,aboulliner@earthlink.net,728-436-2771,0587 Pond Drive,Grosuplje,,Slovenia,84
532,Michel,Berka,mberkaes@toplist.cz,415-715-9785,383 Village Drive,Páno Polemídia,,Cyprus,66
533,Niels,Kneller,nknelleret@yellowbook.com,908-227-4040,4092 Derek Trail,Quchi,,China,72
534,Janel,Gudeman,jgudemaneu@china.com.cn,313-433-5068,08151 Charing Cross Junction,Kandangan,,Indonesia,79
535,Gusty,Kirckman,gkirckmanev@craigslist.org,715-771-5541,9621 Summerview Road,Buenos Aires,,Peru,31
536,Vivianne,Caillou,vcaillouew@apple.com,710-289-2414,894 Summit Crossing,Machinda,,Equatorial Guinea,32
537,Carlene,Bolus,cbolusex@mlb.com,907-633-9875,97891 Atwood Way,Mansa,,Zambia,92
538,Ame,Brookes,abrookesey@arstechnica.com,120-926-7180,6 Shopko Lane,Prévost,QC,Canada,20
539,Franz,Taylot,ftaylotez@yelp.com,922-390-2487,17 Waubesa Point,Xiaotang,,China,30
540,Abrahan,Cardenosa,acardenosaf0@netscape.com,761-948-8162,74 Milwaukee Trail,Nanqiao,,China,43
541,Dorie,Lambillion,dlambillionf1@acquirethisname.com,118-418-0444,55234 Northwestern Plaza,Jingchuan,,China,20
542,Grove,Crimpe,gcrimpef2@rambler.ru,186-469-8895,58 Sherman Parkway,Bielsk Podlaski,,Poland,79
543,Chevy,Cramer,ccramerf3@netscape.com,402-646-5760,525 Meadow Vale Pass,Praia,,Cape Verde,98
544,Zea,Larmor,zlarmorf4@dedecms.com,602-497-4382,28 2nd Drive,Borovo,,Bulgaria,41
545,Halsy,Cumo,hcumof5@msu.edu,619-586-6470,1979 Maple Point,San Diego,CA,United States,33
546,Raffarty,Mueller,rmuellerf6@nifty.com,608-962-1683,3027 Elgar Place,Aanislag,,Philippines,68
547,Stacy,Venn,svennf7@toplist.cz,561-747-1579,15 Westend Hill,Jamshoro,,Pakistan,77
548,Leanna,Moulds,lmouldsf8@google.es,435-283-5820,620 Tennessee Junction,Kommunar,,Russia,41
549,Dorolice,Heaffey,dheaffeyf9@webeden.co.uk,227-441-9015,0 Kropf Way,Jetis,,Indonesia,24
550,Evangelin,Michell,emichellfa@comsenz.com,349-178-8253,99 Parkside Alley,Vittel,B2,France,50
551,Meredithe,Reburn,mreburnfb@senate.gov,235-138-9167,4 8th Drive,Zuolan,,China,34
552,Staci,Olech,solechfc@google.com,948-408-1837,84 Warner Point,Kimil’tey,,Russia,53
553,Basilius,Farrand,bfarrandfd@yolasite.com,281-396-4498,2286 Dixon Hill,Saint John,,Malta,95
554,Murvyn,Sygroves,msygrovesfe@nsw.gov.au,449-828-5426,657 Leroy Parkway,Lajas,,Peru,58
555,Aggi,Goldsbury,agoldsburyff@booking.com,367-441-9700,6968 Southridge Plaza,Flores da Cunha,,Brazil,81
556,Carly,Chaplyn,cchaplynfg@altervista.org,408-710-2938,6035 Stephen Court,Qingjiangqiao,,China,44
557,Demeter,Verty,dvertyfh@cocolog-nifty.com,402-612-5957,43 Meadow Vale Street,Omaha,NE,United States,86
558,Worthington,Lanfranconi,wlanfranconifi@yandex.ru,765-931-7181,080 John Wall Lane,Sokhumi,,Georgia,92
559,Cecelia,Shellum,cshellumfj@ucsd.edu,144-897-1529,8673 Oriole Junction,Andrijaševci,,Croatia,67
560,Harli,Bicheno,hbichenofk@ameblo.jp,951-153-9574,88 Clove Parkway,Pancur,,Indonesia,34
561,Shem,Minister,sministerfl@google.com.br,891-376-0681,049 Waxwing Avenue,Al Manshāh,,Egypt,45
562,Nealson,Easby,neasbyfm@nyu.edu,741-608-8710,749 Doe Crossing Place,Vom,,Nigeria,53
563,Dacy,Wollen,dwollenfn@indiegogo.com,813-822-8084,19 Birchwood Way,Dalududalu,,Indonesia,39
564,Had,Sandcraft,hsandcraftfo@foxnews.com,101-483-3927,899 Menomonie Street,Warlubie,,Poland,99
565,Debbie,Sexton,dsextonfp@xing.com,461-500-5856,60 Jackson Court,Yingpu,,China,67
566,Darb,Whitwood,dwhitwoodfq@seesaa.net,926-620-0956,67 Commercial Terrace,Suodenniemi,,Finland,84
567,Kipper,Blockley,kblockleyfr@usnews.com,710-672-7458,047 Main Avenue,Nevel’sk,,Russia,79
568,Penny,Rizzardi,prizzardifs@deviantart.com,674-471-3448,44186 Blaine Trail,Gävle,X,Sweden,82
569,Jolene,Pooke,jpookeft@dmoz.org,829-639-0851,5 Pleasure Center,Sabóia,2,Portugal,53
570,Chere,Margiotta,cmargiottafu@theguardian.com,146-207-3718,79 Moulton Plaza,Aanislag,,Philippines,69
571,Anica,Tremeer,atremeerfv@artisteer.com,754-271-0739,717 Namekagon Way,Tocoa,,Honduras,64
572,Sophie,Kennifeck,skennifeckfw@diigo.com,808-651-2466,7695 Dayton Hill,Honolulu,HI,United States,40
573,Hunfredo,Kitteman,hkittemanfx@google.nl,311-499-8847,496 Fairview Street,Candoso,4,Portugal,24
574,Matti,Gillson,mgillsonfy@bravesites.com,470-921-6590,31 Elka Junction,Issy-les-Moulineaux,A8,France,45
575,Harriet,Suett,hsuettfz@yahoo.co.jp,980-138-2758,1029 Carey Pass,North Side,,Cayman Islands,66
576,Blondie,Follis,bfollisg0@vkontakte.ru,382-883-2983,9667 Burning Wood Pass,Majagual,,Colombia,67
577,Kaiser,Trever,ktreverg1@networksolutions.com,571-850-0440,6 Haas Pass,San Andres,,Philippines,84
578,Lynette,Guyver,lguyverg2@icq.com,893-804-1266,5014 Mccormick Parkway,Qitan,,China,39
579,Vin,Strowthers,vstrowthersg3@liveinternet.ru,913-341-3487,2437 Hagan Street,Maiwal,,Indonesia,86
580,Daloris,Perris,dperrisg4@scribd.com,868-114-1882,30098 American Ash Trail,Bantaeng,,Indonesia,42
581,Valry,Roxbee,vroxbeeg5@google.ru,184-926-0630,2737 Helena Parkway,Neiva,,Colombia,68
582,Kirstyn,Cristofolini,kcristofolinig6@amazon.co.jp,266-825-5125,36097 Badeau Road,Kopang Satu,,Indonesia,33
583,Agnesse,Winslet,awinsletg7@gmpg.org,983-153-6699,488 Bultman Drive,Chengguan,,China,29
584,Ryon,Howen,rhoweng8@joomla.org,445-436-9883,7 Bunker Hill Avenue,Ra-ngae,,Thailand,43
585,Germain,Mott,gmottg9@nbcnews.com,448-544-9575,32 School Place,Pindi Bhattiān,,Pakistan,97
586,Scarface,Millward,smillwardga@slashdot.org,901-672-8126,21270 Graedel Pass,Cujillo,,Peru,34
587,Arnuad,Menauteau,amenauteaugb@amazon.co.uk,691-160-0246,2 Forster Place,Poste du Lac,,Vietnam,40
588,Sam,Kennett,skennettgc@phpbb.com,760-391-7115,8 Mendota Drive,Miguel Hidalgo,DIF,Mexico,35
589,Mallissa,Gumby,mgumbygd@mashable.com,637-983-6943,37 Ilene Center,Huangjindong,,China,95
590,Gaile,Adderley,gadderleyge@europa.eu,138-308-4024,295 Hayes Avenue,Santa Lucía,,Argentina,33
591,Abbot,Kelle,akellegf@epa.gov,846-581-2568,397 Burrows Lane,Tyrnyauz,,Russia,31
592,Kathe,Athow,kathowgg@nps.gov,290-814-4292,3 Hoffman Lane,Gudurica,,Serbia,66
593,Phineas,Venard,pvenardgh@irs.gov,274-289-9639,8688 Pepper Wood Center,La Eduvigis,,Argentina,29
594,Roland,Gerlack,rgerlackgi@hp.com,686-893-1377,11 Grayhawk Place,Skála,,Greece,68
595,Alphonso,Fee,afeegj@uol.com.br,172-221-3451,82 Kropf Hill,Girey,,Russia,35
596,Elnore,Gamblin,egamblingk@example.com,831-932-1299,788 Veith Road,Thị Trấn Tam Sơn,,Vietnam,76
597,Sully,Gadson,sgadsongl@godaddy.com,222-851-6053,587 Melrose Circle,Delicias,,Venezuela,88
598,Katti,Paaso,kpaasogm@1und1.de,588-154-2785,24577 Caliangt Junction,Porirua,,New Zealand,82
599,Missy,McCunn,mmccunngn@a8.net,946-706-1378,3325 Anniversary Plaza,Talakag,,Philippines,67
600,Ernestine,Gambles,egamblesgo@mac.com,188-261-7023,78 Eagle Crest Pass,Chenyangzhai,,China,64
601,Robinet,Stickland,rsticklandgp@comcast.net,941-957-3290,0 Sugar Point,Bull Savanna,,Jamaica,40
602,Shaughn,Crame,scramegq@wix.com,181-116-0929,00230 Algoma Pass,Jaroměř,,Czech Republic,51
603,Tiff,Dalziell,tdalziellgr@scribd.com,969-628-3505,2934 Lighthouse Bay Pass,Asímion,,Greece,91
604,Paige,Witheford,pwithefordgs@opera.com,844-508-8846,332 Ruskin Junction,Puan,,South Korea,92
605,Paola,Brevetor,pbrevetorgt@acquirethisname.com,370-222-1697,2 Sullivan Place,Panadura,,Sri Lanka,42
606,Correna,Nekrews,cnekrewsgu@fema.gov,492-366-7475,1211 North Circle,Qiaozi,,China,75
607,Donny,Bewick,dbewickgv@addtoany.com,921-739-0069,18 Cottonwood Plaza,Spas’ke,,Ukraine,57
608,Raymund,Besnardeau,rbesnardeaugw@huffingtonpost.com,310-557-7870,5228 Cardinal Drive,Victoria West,,South Africa,26
609,Stefano,Clive,sclivegx@cmu.edu,479-520-0274,2040 Arapahoe Road,Persen,,Indonesia,80
610,Jeniffer,Brugger,jbruggergy@canalblog.com,115-161-3877,7458 Pine View Drive,Gualeguay,,Argentina,63
611,Delly,Wibrew,dwibrewgz@nymag.com,481-178-2865,486 Loeprich Crossing,Chagang,,China,91
612,Corinna,Goff,cgoffh0@github.com,731-130-2382,12 Valley Edge Court,New Iloilo,,Philippines,95
613,Gabriel,Kensett,gkensetth1@odnoklassniki.ru,563-541-0820,41314 Trailsway Terrace,Ancasti,,Argentina,85
614,Veronica,Laxen,vlaxenh2@microsoft.com,706-636-0657,8223 Killdeer Parkway,Albergaria,6,Portugal,50
615,Camellia,Blackly,cblacklyh3@oaic.gov.au,137-675-9389,69069 Fairview Drive,Gogaran,,Armenia,100
616,Balduin,Northway,bnorthwayh4@vistaprint.com,349-945-9730,31944 Jenna Pass,Leijiadian,,China,42
617,Alejandro,McRuvie,amcruvieh5@mit.edu,576-117-4555,181 Golf Point,Solna,AB,Sweden,93
618,Dudley,Aylott,daylotth6@fc2.com,592-183-1042,2 Mallory Parkway,Suure-Jaani,,Estonia,46
619,Court,Grove,cgroveh7@amazon.com,807-614-4957,1 Eggendart Drive,Myronivka,,Ukraine,33
620,Hadlee,Netherwood,hnetherwoodh8@unblog.fr,531-291-4823,0 Graedel Plaza,Lugouqiao,,China,98
621,Starlin,Dulton,sdultonh9@privacy.gov.au,600-533-8926,895 Raven Street,Kadusirung Hilir,,Indonesia,62
622,Lewie,Wallwork,lwallworkha@myspace.com,513-537-0361,4088 Moland Pass,Clifden,,Ireland,83
623,Christiane,Wills,cwillshb@senate.gov,940-171-3276,579 Anniversary Road,Bayan Hure,,China,97
624,Honey,Moon,hmoonhc@myspace.com,182-417-7918,72524 Annamark Way,Cochadas,6,Portugal,22
625,Kalina,Constable,kconstablehd@over-blog.com,505-353-5919,32262 Sommers Road,Kuroda,,Japan,43
626,Katey,Maingot,kmaingothe@privacy.gov.au,203-370-6314,890 Packers Avenue,Krajan Kedungsalam,,Indonesia,77
627,Lishe,Edgett,ledgetthf@infoseek.co.jp,541-764-9731,5 Kropf Drive,Calaba,,Philippines,57
628,Alasdair,Bimson,abimsonhg@ocn.ne.jp,823-144-1544,5527 Badeau Junction,Daitou,,China,93
629,Mirabel,Nield,mnieldhh@time.com,606-845-3100,5702 Warbler Terrace,Cali,,Colombia,99
630,Darda,Busain,dbusainhi@timesonline.co.uk,986-447-6641,263 Kim Junction,Bonneuil-sur-Marne,A8,France,28
631,Basil,Candie,bcandiehj@skyrock.com,870-728-3798,36 Summit Plaza,Caála,,Angola,25
632,Irma,Sunnex,isunnexhk@hugedomains.com,528-372-6464,882 Maywood Way,Egvekinot,,Russia,72
633,Thacher,Kingscott,tkingscotthl@163.com,425-540-1229,32 Center Lane,Tsagaandörvölj,,Mongolia,20
634,Jenda,Christoffersen,jchristoffersenhm@washington.edu,784-583-5920,33597 Swallow Terrace,Cabeço,1,Portugal,85
635,Vinnie,Dikelin,vdikelinhn@state.tx.us,372-841-2167,02322 Sutteridge Center,Kamen,,Croatia,82
636,Roselin,Downgate,rdowngateho@hexun.com,167-922-2830,8 Monument Pass,Xundian,,China,33
637,Ripley,Barthelmes,rbarthelmeshp@topsy.com,216-815-5342,3 Pennsylvania Hill,Paraguaçu,,Brazil,86
638,Lorilee,Storry,lstorryhq@statcounter.com,930-136-2509,72 Judy Park,Lianovérgi,,Greece,93
639,Ginger,Nilges,gnilgeshr@eventbrite.com,529-236-2044,5279 Blackbird Plaza,Longos,3,Portugal,38
640,Rivkah,Pottage,rpottagehs@exblog.jp,112-413-4010,936 Southridge Crossing,Ambarawa,,Indonesia,35
641,Harwilll,Treleaven,htreleavenht@ehow.com,969-598-0945,6633 Canary Trail,Dan Makham Tia,,Thailand,47
642,Zebulen,Sleith,zsleithhu@bloomberg.com,672-875-7732,9434 Springs Plaza,Trojanów,,Poland,30
643,Dedie,Fratson,dfratsonhv@amazon.de,586-785-2948,90 Armistice Crossing,Inhambupe,,Brazil,97
644,Fredrika,Binns,fbinnshw@bluehost.com,784-414-9826,3437 Mesta Junction,Tōgane,,Japan,85
645,Ibrahim,Coddington,icoddingtonhx@stanford.edu,410-154-1101,07557 Pawling Pass,Banjar Budakeling,,Indonesia,82
646,Gabriellia,Gobeaux,ggobeauxhy@scribd.com,281-507-6573,9268 Dexter Lane,Nuwara Eliya,,Sri Lanka,73
647,Prudi,Asman,pasmanhz@dailymotion.com,698-687-8643,158 Rowland Plaza,Ptení,,Czech Republic,41
648,Benni,Ryall,bryalli0@deliciousdays.com,344-963-4262,695 Heath Drive,Hongchuan,,China,73
649,Cristian,Capell,ccapelli1@purevolume.com,470-615-5467,0610 Marcy Pass,Kilingi-Nõmme,,Estonia,54
650,Teddie,Cochran,tcochrani2@prweb.com,416-191-6465,1 Brickson Park Junction,Sarongan,,Indonesia,34
651,Maure,Nisco,mniscoi3@usa.gov,454-786-2801,20 Carioca Way,Sagara,,Japan,46
652,Almire,Brewerton,abrewertoni4@wikispaces.com,943-817-8113,3 Garrison Avenue,Jimusa’er,,China,46
653,Orly,Castelot,ocasteloti5@skype.com,234-965-6622,28 Talisman Place,Nartkala,,Russia,57
654,Dave,Collister,dcollisteri6@independent.co.uk,961-906-3782,75 Logan Alley,Surcubamba,,Peru,91
655,Bernard,Macklam,bmacklami7@virginia.edu,556-936-5868,89 Bay Drive,Cikomara,,Indonesia,62
656,Agatha,Bruyett,abruyetti8@yellowbook.com,586-992-4657,277 Shoshone Avenue,El Soberbio,,Argentina,40
657,Camilla,Jorge,cjorgei9@fema.gov,442-425-5155,0140 Bonner Lane,Jarry,GP,Guadeloupe,95
658,Ephrem,Critchlow,ecritchlowia@weebly.com,498-406-5874,47 Meadow Valley Pass,Mujiangping,,China,99
659,Stefanie,Capell,scapellib@list-manage.com,860-216-1210,36520 Stuart Street,Zvishavane,,Zimbabwe,99
660,Hasheem,Marcham,hmarchamic@sohu.com,433-259-7425,65 Heath Lane,Dongxiao,,China,79
661,Carmine,Loudian,cloudianid@purevolume.com,116-913-4713,179 Corben Parkway,Ehu,,China,53
662,Kelila,Maulkin,kmaulkinie@github.com,495-455-3266,6 Miller Pass,Youlongchuan,,China,74
663,Brewster,Sommerville,bsommervilleif@homestead.com,381-963-6721,37 Caliangt Alley,Břeclav,,Czech Republic,43
664,Carroll,Leslie,cleslieig@amazon.de,274-819-9141,05 Caliangt Court,Zastron,,South Africa,32
665,Crysta,Giraudeau,cgiraudeauih@psu.edu,880-648-1490,0245 Lien Road,Manjiang,,China,55
666,Augusta,Matuschek,amatuschekii@businessinsider.com,916-317-9031,603 Sycamore Parkway,Krueng Luak,,Indonesia,29
667,Suzanna,Binny,sbinnyij@multiply.com,345-108-8497,074 Rieder Hill,Cabatang,,Philippines,57
668,Hendrika,Spieck,hspieckik@furl.net,827-694-6363,52471 Maryland Park,Mosal’sk,,Russia,20
669,Reggi,Kubacek,rkubacekil@hud.gov,229-211-2311,2 Porter Drive,Moutfort,,Luxembourg,58
670,Yanaton,Klaes,yklaesim@marriott.com,146-113-5065,6 Dakota Court,Yufa,,China,56
671,Blondelle,Ronchetti,bronchettiin@mysql.com,289-287-6320,215 Evergreen Center,Chapecó,,Brazil,33
672,Winthrop,Oaker,woakerio@seesaa.net,263-949-6123,6395 Portage Alley,Motuo,,China,32
673,Tanitansy,Eatock,teatockip@whitehouse.gov,489-824-5526,02948 Roxbury Center,Manorhamilton,,Ireland,45
674,Jon,Netherwood,jnetherwoodiq@timesonline.co.uk,306-748-1029,218 Del Mar Center,Borino,,Bulgaria,89
675,Jobina,Hutsby,jhutsbyir@usgs.gov,582-684-8992,368 Heffernan Plaza,Hà Tĩnh,,Vietnam,57
676,Eddie,Borlease,eborleaseis@marketwatch.com,240-499-8945,6671 Magdeline Pass,La Playosa,,Argentina,21
677,Huntington,Prall,hprallit@netscape.com,249-552-0153,4909 Oneill Place,Yantian,,China,98
678,Suzann,Nitti,snittiiu@earthlink.net,343-384-7140,507 Derek Hill,Chernyanka,,Russia,50
679,Malorie,Guirardin,mguirardiniv@nymag.com,807-222-7061,57968 Reinke Point,Hobonio,,Indonesia,61
680,Mayne,Shippey,mshippeyiw@jigsy.com,320-780-1300,30 Brown Drive,Murun-kuren,,Mongolia,73
681,Linzy,Phethean,lphetheanix@patch.com,691-635-4751,66 Texas Point,Gnieżdżewo,,Poland,74
682,Tudor,Chritchlow,tchritchlowiy@google.ca,354-350-5450,10 Lawn Road,Waeng Yai,,Thailand,82
683,Muffin,McCoy,mmccoyiz@aol.com,274-653-7741,46942 Warner Court,Linjiang,,China,73
684,Roslyn,Ruffli,rrufflij0@marriott.com,953-427-6580,76 Mockingbird Place,Wiset Chaichan,,Thailand,97
685,Yolanda,Gasnoll,ygasnollj1@digg.com,533-607-4509,31 Emmet Court,Mersam,,Indonesia,47
686,Delores,Bunyan,dbunyanj2@drupal.org,119-696-7769,0 Northfield Lane,Morcellemont Saint André,,Mauritius,38
687,Duff,Denny,ddennyj3@msu.edu,182-277-5948,760 Clarendon Hill,Opočno,,Czech Republic,48
688,Paolo,Pilbeam,ppilbeamj4@typepad.com,266-422-8951,6 Moland Circle,Shitan,,China,75
689,Blanca,Dawney,bdawneyj5@omniture.com,624-701-6629,720 Northport Park,Roissy Charles-de-Gaulle,A8,France,53
690,Bess,Custy,bcustyj6@ca.gov,486-748-1641,594 Menomonie Junction,Azor,,Israel,62
691,Faith,Joye,fjoyej7@ask.com,768-932-1080,23 Brentwood Point,Kofelē,,Ethiopia,50
692,Piper,Dicks,pdicksj8@admin.ch,663-639-0233,617 Macpherson Hill,Huyang,,China,28
693,Lewes,Phear,lphearj9@washington.edu,557-644-5881,9 International Place,Purísima,,Colombia,45
694,Jordon,Jouanot,jjouanotja@army.mil,429-208-0596,5 Monterey Avenue,Kanazawa-shi,,Japan,34
695,Krystal,Fearnside,kfearnsidejb@nba.com,744-688-7664,699 Basil Terrace,Sóc Trăng,,Vietnam,92
696,Harriette,Strognell,hstrognelljc@discuz.net,608-827-0440,11 Dexter Crossing,Nantang,,China,51
697,Clare,Texton,ctextonjd@wix.com,559-737-1547,6 Jay Place,San Pedro,,Costa Rica,63
698,Rudolph,Mathieu,rmathieuje@hibu.com,639-186-9450,00 Emmet Pass,Kangxung,,China,97
699,Raina,Vasyukhin,rvasyukhinjf@epa.gov,154-589-8954,73 Melody Hill,Lacabamba,,Peru,21
700,Ellynn,Morando,emorandojg@studiopress.com,991-113-1454,11 Dapin Crossing,Circasia,,Colombia,87
701,Leia,Shevlane,lshevlanejh@photobucket.com,268-592-6599,5160 Graedel Lane,Linamon,,Philippines,55
702,Lexi,Flower,lflowerji@msu.edu,443-499-3734,53 Hintze Circle,Baltimore,MD,United States,35
703,Townie,Conroy,tconroyjj@themeforest.net,528-382-1027,18559 New Castle Place,Oslo,3,Norway,40
704,Giacopo,Ormond,gormondjk@washingtonpost.com,588-172-5219,88786 Alpine Street,Teberda,,Russia,28
705,Siobhan,Haet,shaetjl@illinois.edu,874-686-0597,7 Kenwood Alley,Puspajaya,,Indonesia,20
706,Marni,Dreini,mdreinijm@icq.com,301-469-8442,8613 Arkansas Alley,Hōjō,,Japan,41
707,Kippy,Disbrey,kdisbreyjn@usnews.com,467-821-0485,5 Lerdahl Plaza,Villa Nueva,,Honduras,45
708,Clarissa,Fearns,cfearnsjo@loc.gov,342-266-3758,3 Dixon Center,Imulolong,,Indonesia,45
709,Vinita,Kardos-Stowe,vkardosstowejp@wiley.com,112-383-5561,00 Pawling Drive,Hamburg,HH,Germany,93
710,Joni,Houseley,jhouseleyjq@google.nl,508-131-6748,91995 Sachs Circle,Hechuan,,China,98
711,Wendell,Parris,wparrisjr@hao123.com,128-722-3497,4665 Ronald Regan Hill,Pital,,Costa Rica,71
712,Annadiana,Attwood,aattwoodjs@chronoengine.com,846-658-4867,2 Corben Hill,Brondong,,Indonesia,78
713,Bridie,Devenport,bdevenportjt@cdc.gov,858-894-9566,7521 Bultman Center,Hexi,,China,51
714,Morie,Randals,mrandalsju@indiegogo.com,518-339-0574,9 6th Road,Bébédja,,Chad,57
715,Blayne,Warbey,bwarbeyjv@ca.gov,677-268-7320,5 Macpherson Way,Al Manzilah,,Egypt,43
716,Melodie,Tresler,mtreslerjw@simplemachines.org,273-974-7086,9847 Golf Terrace,Zolotyy Potik,,Ukraine,59
717,Othilie,Champion,ochampionjx@salon.com,491-517-8523,8534 Jay Avenue,Tonghong,,China,81
718,Laney,Iacovaccio,liacovacciojy@weebly.com,127-402-6398,26015 Bluejay Alley,Jingtan,,China,68
719,Ainsley,Le Fleming,aleflemingjz@barnesandnoble.com,712-294-7819,5 Monica Lane,Angers,B5,France,88
720,Evita,Seebright,eseebrightk0@github.io,269-302-8933,05038 Donald Drive,Dzaoudzi,,Mayotte,95
721,Nicole,Barden,nbardenk1@ameblo.jp,344-685-8344,468 Ruskin Parkway,Stráž,,Czech Republic,25
722,Ginny,Cardenosa,gcardenosak2@cargocollective.com,467-335-2649,5 Magdeline Terrace,Gorzyczki,,Poland,76
723,Sibbie,McLachlan,smclachlank3@cbsnews.com,993-461-9780,92606 Fuller Pass,Sumberpandan,,Indonesia,68
724,Thorsten,Lackham,tlackhamk4@sourceforge.net,811-374-8191,718 Birchwood Junction,Shakhun’ya,,Russia,40
725,Valentina,Demoge,vdemogek5@thetimes.co.uk,672-784-8966,7909 Victoria Drive,Mizhou,,China,100
726,Eddie,Tixier,etixierk6@chronoengine.com,801-505-5416,5 Starling Center,Ogden,UT,United States,66
727,Farly,Farrah,ffarrahk7@hc360.com,361-781-2345,6 Hanson Circle,Logung,,Indonesia,89
728,Orelie,Bulfit,obulfitk8@hubpages.com,870-345-5664,0411 Schmedeman Alley,Puerto Plata,,Dominican Republic,61
729,Inessa,Jouhan,ijouhank9@walmart.com,338-129-0493,40 Ilene Lane,Rogowo,,Poland,85
730,Trula,Attewell,tattewellka@cdbaby.com,136-774-9590,62 Pine View Place,Seia,9,Portugal,31
731,Vivyanne,Grumbridge,vgrumbridgekb@dyndns.org,338-217-9420,908 Milwaukee Avenue,Kurów,,Poland,33
732,Farlee,Pinching,fpinchingkc@discuz.net,317-300-8551,49580 Sommers Place,Otjimbingwe,,Namibia,48
733,Willis,Ormiston,wormistonkd@java.com,531-378-4379,8484 School Alley,Yangi-Nishon Shahri,,Uzbekistan,49
734,Constancia,Olivella,colivellake@usgs.gov,726-513-1981,1996 Hauk Place,Mando,,Nigeria,87
735,Myrtice,Simmonite,msimmonitekf@zdnet.com,889-529-7578,18 Fallview Crossing,Rovira,,Colombia,84
736,Jeffie,Corlett,jcorlettkg@npr.org,636-443-7749,348 Waywood Terrace,Gerelayang,,Indonesia,96
737,Chan,Stoggell,cstoggellkh@tuttocitta.it,260-113-2927,255 Bowman Trail,Guanzhou,,China,48
738,Idette,Andrews,iandrewski@photobucket.com,656-722-2257,23881 Clyde Gallagher Trail,Karlskoga,T,Sweden,38
739,Brocky,Gullberg,bgullbergkj@sbwire.com,811-458-3081,2796 Delaware Way,Uppsala,C,Sweden,29
740,Rani,Romans,rromanskk@t.co,184-576-9526,6538 Bowman Road,Porteirinha,,Brazil,96
741,Rhona,Wanderschek,rwanderschekkl@geocities.jp,588-426-9337,49 Burrows Center,Palmas Bellas,,Panama,81
742,Barnebas,Egre,begrekm@google.es,323-255-8329,0 Harper Street,Masis,,Armenia,57
743,Reginauld,Croxton,rcroxtonkn@istockphoto.com,552-928-6063,797 Southridge Hill,Santa Cruz de la Sierra,,Bolivia,30
744,Justus,Mulkerrins,jmulkerrinsko@goo.gl,635-826-0561,0 Bultman Hill,Athabasca,AB,Canada,77
745,Danyelle,Feehily,dfeehilykp@moonfruit.com,441-997-9462,5147 Golden Leaf Road,Duyang,,China,22
746,Anna-diana,Durnall,adurnallkq@guardian.co.uk,772-870-9174,57 Schlimgen Pass,Riangkroko,,Indonesia,36
747,Atalanta,Harme,aharmekr@reddit.com,685-344-6505,973 Hooker Circle,Puerto Boyacá,,Colombia,33
748,Cass,Carnock,ccarnockks@dailymail.co.uk,875-656-5813,538 Mosinee Crossing,Kayukembang,,Indonesia,47
749,Clyde,Hillyatt,chillyattkt@chronoengine.com,985-266-5531,488 Laurel Place,Ljusdal,X,Sweden,87
750,Witty,Durram,wdurramku@craigslist.org,694-928-9196,65779 Arizona Plaza,København,1084,Denmark,57
751,Gaye,Beilby,gbeilbykv@about.com,135-328-6034,6 Manley Hill,Yakovlevskoye,,Russia,74
752,Gerri,Gallant,ggallantkw@theguardian.com,595-723-7777,2235 Tomscot Junction,Jingling,,China,19
753,Mikel,Polly,mpollykx@storify.com,334-610-8375,32077 Arkansas Pass,Bagani,,Namibia,89
754,Moria,Harsum,mharsumky@blogtalkradio.com,469-536-6966,508 Thompson Crossing,Santa Catalina Norte,,Philippines,66
755,Valaria,Nattriss,vnattrisskz@bloomberg.com,916-625-0889,4 Cody Park,Kista,AB,Sweden,66
756,Allyce,Matyashev,amatyashevl0@discovery.com,957-166-2076,3869 Manley Terrace,Pul-e Sangī,,Afghanistan,56
757,Rodi,Glasner,rglasnerl1@last.fm,735-968-1051,04 Spohn Center,Alangilanan,,Philippines,50
758,Weber,Chappell,wchappelll2@huffingtonpost.com,447-258-7346,2637 Morning Avenue,Gataivai,,Samoa,34
759,Nancee,Danton,ndantonl3@artisteer.com,744-755-6330,3 Crowley Pass,Bitam,,Gabon,66
760,Augustina,Stallion,astallionl4@purevolume.com,995-719-2267,9 Ronald Regan Terrace,Sapiranga,,Brazil,87
761,Norah,Lambol,nlamboll5@hhs.gov,491-773-6684,2395 Muir Drive,Turka,,Ukraine,82
762,Dierdre,Goldin,dgoldinl6@flavors.me,979-579-6371,8 Manitowish Avenue,Nikolayevka,,Russia,42
763,Merridie,Bunney,mbunneyl7@shop-pro.jp,375-833-0626,4 Forest Run Circle,Karanganyar,,Indonesia,35
764,Dill,Baroc,dbarocl8@ucoz.com,717-264-5563,2 Delladonna Center,Umm Kaddadah,,Sudan,42
765,Micah,Wixey,mwixeyl9@adobe.com,375-252-2142,382 Bay Alley,Yaogou,,China,30
766,Koren,Prosh,kproshla@biglobe.ne.jp,411-225-5329,594 Ramsey Point,Ryazanskaya,,Russia,19
767,Gabie,Limon,glimonlb@ca.gov,166-334-2787,8 Johnson Road,Tsubame,,Japan,33
768,Annaliese,Petigrew,apetigrewlc@springer.com,503-245-2981,27 Packers Junction,Saint Petersburg,,Russia,24
769,Madonna,Najara,mnajarald@rakuten.co.jp,578-789-8910,9 Fair Oaks Avenue,Ualog,,Philippines,34
770,Lalo,Harvard,lharvardle@wikia.com,952-104-4057,0116 Vera Place,Parreira,14,Portugal,59
771,Donovan,Pakes,dpakeslf@accuweather.com,800-197-2503,8 Forest Run Circle,Sembungan Kidul,,Indonesia,70
772,Ashbey,Novkovic,anovkoviclg@zimbio.com,805-620-9319,88 Crest Line Plaza,Gludug,,Indonesia,24
773,Lenci,Edmands,ledmandslh@topsy.com,772-378-5920,7963 Eastlawn Alley,La Guacamaya,,Honduras,78
774,Kirby,Persence,kpersenceli@narod.ru,491-967-8300,5634 Green Ridge Pass,Lučina,,Czech Republic,70
775,Tessie,Wingham,twinghamlj@google.ca,356-652-3583,723 Kim Avenue,Oujiangcha,,China,69
776,Vanda,Culley,vculleylk@quantcast.com,396-440-0390,42222 Straubel Terrace,Tignoan,,Philippines,95
777,Gerrilee,Stollhofer,gstollhoferll@mysql.com,668-435-0018,0385 Burning Wood Way,El Cantón,,Venezuela,45
778,Jeremy,Bernhardsson,jbernhardssonlm@technorati.com,699-693-4693,232 Meadow Vale Hill,Laval,B5,France,62
779,Tabb,Tournay,ttournayln@addtoany.com,631-520-0510,2614 Hovde Crossing,Belas,11,Portugal,80
780,Marie-ann,Cliff,mclifflo@mtv.com,466-698-4752,37 Carberry Street,Bamut,,Russia,77
781,Cherin,Dominichelli,cdominichellilp@slashdot.org,310-167-9523,27 Waxwing Avenue,Pukhavichy,,Belarus,75
782,Leodora,Courtenay,lcourtenaylq@accuweather.com,585-911-2544,73 Forster Park,Orël,,Russia,35
783,Scotty,Thorbon,sthorbonlr@imdb.com,537-879-5082,43 Forest Dale Street,Rancakole,,Indonesia,79
784,Lyda,Vasilyevski,lvasilyevskils@unesco.org,519-174-0182,24 Stephen Drive,Inđija,,Serbia,57
785,Yule,Creber,ycreberlt@nyu.edu,737-344-6400,752 Garrison Circle,Shimabara,,Japan,98
786,Jacquette,Gordon,jgordonlu@amazonaws.com,619-586-5950,96 Kim Alley,Irtyshskiy,,Russia,35
787,Fanchette,Zamorano,fzamoranolv@economist.com,265-580-6904,98744 Eastlawn Alley,Ibirataia,,Brazil,88
788,Coralyn,Trudgion,ctrudgionlw@accuweather.com,121-283-3745,06027 Meadow Valley Circle,Al Khafsah,,Syria,22
789,Binny,Haine,bhainelx@house.gov,282-614-2621,54 1st Drive,Aldergrove,BC,Canada,27
790,Kaia,De Benedictis,kdebenedictisly@ibm.com,150-622-8174,797 Main Way,Messina,SC,Italy,100
791,Conrad,De Vaar,cdevaarlz@boston.com,202-171-5006,0225 Onsgard Street,Khonj,,Iran,88
792,Nicky,Klimowicz,nklimowiczm0@dmoz.org,943-680-9999,97665 Monica Park,Dalai,,China,48
793,Bobbye,Kuzma,bkuzmam1@blogtalkradio.com,858-517-3481,9317 Service Court,San Diego,CA,United States,47
794,Georgine,MacCoughan,gmaccoughanm2@blogspot.com,276-650-6351,3943 Packers Junction,Covão,6,Portugal,44
795,Benedetto,Petofi,bpetofim3@seesaa.net,223-936-0904,14880 Warrior Way,Oslo,3,Norway,34
796,Rosamund,Crosen,rcrosenm4@weebly.com,164-964-8476,9897 Glendale Street,Skalat,,Ukraine,61
797,Shermy,Barlie,sbarliem5@hhs.gov,759-402-4248,647 Badeau Court,Partang,,China,18
798,Casey,Hearns,chearnsm6@domainmarket.com,941-681-2383,1 Ramsey Plaza,Karang,,Indonesia,34
799,Conny,Frostdyke,cfrostdykem7@technorati.com,833-959-1968,62 American Point,Gaotang,,China,80
800,Ray,Snoxall,rsnoxallm8@redcross.org,170-762-3688,0 Crest Line Junction,Ţāmiyah,,Egypt,21
801,Delora,Loyd,dloydm9@wikia.com,849-536-7391,98 Monument Road,Oxelösund,D,Sweden,59
802,Bil,Lansberry,blansberryma@vimeo.com,594-671-6082,611 Eagle Crest Avenue,Borisovka,,Russia,74
803,Lilias,Gordge,lgordgemb@cam.ac.uk,775-663-8180,62 Sunnyside Circle,Pancol,,Philippines,30
804,Cristine,Jannex,cjannexmc@ow.ly,942-123-5821,705 Morrow Park,Cawayan,,Philippines,98
805,Caterina,Ferby,cferbymd@seesaa.net,614-832-9563,26 New Castle Center,Bonavista,NL,Canada,71
806,Jemima,Rylett,jrylettme@naver.com,905-443-9265,7 Farmco Place,Vila Nova Sintra,,Cape Verde,45
807,Etan,Ballchin,eballchinmf@oakley.com,875-675-9870,49 Utah Alley,Celeirós,17,Portugal,79
808,Upton,Millan,umillanmg@salon.com,650-550-8767,25520 Mallory Road,Taltal,,Philippines,57
809,Wald,Donan,wdonanmh@shop-pro.jp,768-554-1459,5758 School Trail,Banjar Kawan,,Indonesia,79
810,Noelani,Gazzard,ngazzardmi@so-net.ne.jp,972-469-5471,9487 Bashford Park,Mikhaylov,,Russia,97
811,Melodee,Chaplin,mchaplinmj@usa.gov,264-453-4959,16355 Old Shore Avenue,Boxholm,E,Sweden,44
812,Phylys,Vian,pvianmk@jugem.jp,379-184-5153,9 Sycamore Street,San Rafael,,Philippines,25
813,Doe,Midlar,dmidlarml@washingtonpost.com,983-142-4453,4634 Jenna Street,Kalde Panga,,Indonesia,50
814,Idell,Gaye,igayemm@squarespace.com,758-135-7615,633 Lotheville Trail,Atamanovka,,Russia,62
815,Marley,Carlone,mcarlonemn@live.com,700-554-6951,11 Dryden Junction,New Sibonga,,Philippines,26
816,Gregg,Snoden,gsnodenmo@amazon.co.uk,756-440-3917,195 Portage Junction,Sukagawa,,Japan,28
817,Faydra,Callear,fcallearmp@creativecommons.org,532-479-9918,24120 Ridgeway Court,Santarém,,Brazil,74
818,Mendel,Fontell,mfontellmq@ucla.edu,965-755-3665,0 Westport Lane,Punaauia,,French Polynesia,48
819,Slade,Ivons,sivonsmr@godaddy.com,704-660-8794,39371 Melody Pass,Bradag,,Indonesia,55
820,Lenard,Rowlett,lrowlettms@nhs.uk,442-130-6257,97 Mayfield Parkway,Daixi,,China,67
821,Phillis,Aronovitz,paronovitzmt@webmd.com,996-868-8166,0343 Farwell Hill,Adzopé,,Ivory Coast,86
822,Nick,Whitnall,nwhitnallmu@histats.com,698-237-7230,5945 Schmedeman Junction,Garoua,,Cameroon,33
823,Janenna,Bevans,jbevansmv@craigslist.org,558-685-4529,64 Roth Center,Ouro Preto do Oeste,,Brazil,60
824,Debora,Rickets,dricketsmw@goodreads.com,537-255-9851,9673 Surrey Avenue,Tacurong,,Philippines,78
825,Orlando,Lurcock,olurcockmx@dedecms.com,428-412-4167,9 Anderson Avenue,Cheongsong gun,,South Korea,45
826,Gunther,Roundtree,groundtreemy@abc.net.au,680-574-7624,12 Mallard Hill,Gostyń,,Poland,78
827,Barde,McGirr,bmcgirrmz@oakley.com,131-978-1998,9 Merrick Avenue,Oesain,,Indonesia,99
828,Clement,Vynall,cvynalln0@taobao.com,411-838-3618,2 Melby Center,Henglin,,China,70
829,Taddeo,McCurlye,tmccurlyen1@list-manage.com,618-966-6078,61167 Linden Parkway,Zaytā,,Palestinian Territory,71
830,Nadia,Denisyuk,ndenisyukn2@redcross.org,592-725-1553,9 Ridgeway Hill,Ilha de Moçambique,,Mozambique,19
831,Rudd,Degoe,rdegoen3@zdnet.com,906-126-3945,81 Talmadge Park,Göteborg,O,Sweden,72
832,Lorrayne,Reddie,lreddien4@oracle.com,775-590-5252,8 Erie Crossing,Kutacane,,Indonesia,90
833,Tammi,Aiston,taistonn5@flavors.me,246-259-3786,38 Sutteridge Terrace,Boyle,,Ireland,29
834,Milena,Raffin,mraffinn6@infoseek.co.jp,241-231-6328,8 Knutson Crossing,Radocza,,Poland,53
835,Griffie,Trower,gtrowern7@wikipedia.org,293-692-9618,9173 Nova Pass,Stockholm,AB,Sweden,30
836,Aubert,Ranyell,aranyelln8@jiathis.com,453-242-1271,50341 Schmedeman Place,Krzczonów,,Poland,48
837,Hyman,Downham,hdownhamn9@tinypic.com,312-490-8867,1 Sutteridge Terrace,Aba,,China,60
838,Jason,Duncan,jduncanna@columbia.edu,705-635-6954,8 High Crossing Crossing,Cherëmushki,,Russia,97
839,Nowell,Burgise,nburgisenb@slate.com,153-847-3468,7802 American Junction,Duyun,,China,26
840,Gerald,Yakobowitz,gyakobowitznc@mediafire.com,780-974-9013,1547 Packers Terrace,Kyela,,Tanzania,39
841,Jorge,Kepling,jkeplingnd@sphinn.com,597-259-1018,6488 Waubesa Hill,Yuyapichis,,Peru,89
842,Anastassia,Torrecilla,atorrecillane@networkadvertising.org,246-781-0250,519 Lighthouse Bay Park,Kristianstad,M,Sweden,71
843,Willa,Cammis,wcammisnf@alexa.com,295-621-2706,22 Hanson Way,Frankfort,,South Africa,53
844,Basil,Ozintsev,bozintsevng@diigo.com,906-859-9383,477 Prairieview Terrace,Telbang,,Philippines,92
845,Ermina,Luetchford,eluetchfordnh@gnu.org,750-387-8288,2 Old Shore Drive,Shuntian,,China,91
846,Angelico,Jepps,ajeppsni@dagondesign.com,815-543-0607,5411 Homewood Way,Valle Grande,,Argentina,24
847,Oliver,Ovid,oovidnj@mozilla.org,382-794-9689,98 Anthes Alley,Changxingbao,,China,83
848,Evelyn,Streather,estreathernk@cnet.com,755-406-3308,8 Meadow Ridge Way,Caicó,,Brazil,64
849,Naoma,Regitz,nregitznl@npr.org,717-808-2899,4872 Butterfield Junction,Harrisburg,PA,United States,22
850,Nola,Cruise,ncruisenm@wordpress.org,446-779-5013,806 Mcguire Park,Acolla,,Peru,75
851,Wheeler,Bartlosz,wbartlosznn@discuz.net,835-853-9351,6117 Schlimgen Circle,Paoua,,Central African Republic,80
852,Gabriel,Joint,gjointno@blog.com,778-459-8213,9 Hazelcrest Road,Ebebiyin,,Equatorial Guinea,97
853,Mace,Thelwll,mthelwllnp@vk.com,284-598-2479,524 Holy Cross Alley,Juiz de Fora,,Brazil,64
854,Ammamaria,Eggleton,aeggletonnq@purevolume.com,648-378-4209,9 Riverside Parkway,Coelho Neto,,Brazil,37
855,Letizia,Conlon,lconlonnr@behance.net,345-669-2717,1 Farragut Way,Krasnyy Klyuch,,Russia,34
856,Dominica,McGuirk,dmcguirkns@cargocollective.com,571-652-2176,2 Bayside Lane,Essang,,Indonesia,43
857,Rosabella,Compfort,rcompfortnt@mozilla.com,133-255-8414,86952 Moose Junction,Tapacocha,,Peru,73
858,Brendan,Colegrove,bcolegrovenu@unicef.org,359-498-2854,2 Warrior Place,Mentougou,,China,19
859,Emmy,Labusquiere,elabusquierenv@census.gov,201-365-5241,2257 Pleasure Junction,Lugang,,China,89
860,Auguste,Purkis,apurkisnw@oaic.gov.au,796-578-4566,6255 Erie Street,Tamontaka,,Philippines,79
861,Tobiah,O' Neligan,toneligannx@hexun.com,388-987-9231,44935 Bayside Park,Ramon Magsaysay,,Philippines,44
862,Dita,Spatoni,dspatoniny@ft.com,210-629-2591,32 Debs Street,Lanchyn,,Ukraine,27
863,Bron,O'Heagertie,boheagertienz@skyrock.com,680-986-0410,73788 Lien Trail,Sulangan,,Philippines,89
864,Ludovico,Mourbey,lmourbeyo0@soup.io,823-119-6856,10459 Twin Pines Point,Paris 14,A8,France,45
865,Terry,Lestor,tlestoro1@histats.com,529-373-8546,30 Michigan Terrace,Chongwen,,China,81
866,Tobi,Culy,tculyo2@google.com.au,349-794-4648,699 Loomis Hill,Yingde’er,,China,33
867,Sheryl,Yanson,syansono3@seattletimes.com,493-365-6377,857 Anzinger Terrace,Domanín,,Czech Republic,52
868,Audy,Andersch,aanderscho4@yahoo.co.jp,309-849-1505,9635 Myrtle Point,Pasacao,,Philippines,18
869,Elka,Earengey,eearengeyo5@reverbnation.com,279-845-5587,5 Marquette Place,Lófos,,Greece,100
870,Gabie,Clancey,gclanceyo6@youtube.com,965-986-2374,30 Cascade Lane,Shuangtian,,China,78
871,Megan,Kehoe,mkehoeo7@ucsd.edu,351-890-6585,01 Nevada Parkway,Port Barton,,Philippines,67
872,Roze,Medd,rmeddo8@springer.com,899-380-4465,78 Scott Crossing,Boavista,13,Portugal,59
873,Astra,Tindley,atindleyo9@mlb.com,154-778-3186,77 3rd Lane,Allen,,Argentina,96
874,Matthew,Kike,mkikeoa@imageshack.us,673-305-5726,07062 Sutherland Junction,Žalec,,Slovenia,60
875,Perkin,Middiff,pmiddiffob@youku.com,218-904-4257,13284 Golden Leaf Junction,Mosetse,,Botswana,26
876,Pooh,Durtnal,pdurtnaloc@tinypic.com,743-364-0944,90367 Erie Point,Jinchang,,China,28
877,Sharyl,Ollive,solliveod@patch.com,537-586-9020,70 Sundown Terrace,Chiriguaná,,Colombia,58
878,Brittany,Bussey,bbusseyoe@sciencedaily.com,347-978-4224,8128 Rieder Parkway,Bafatá,,Guinea-Bissau,53
879,Griffin,Goodluck,ggoodluckof@dell.com,883-260-3061,3415 Banding Avenue,Castanheira,3,Portugal,69
880,Margeaux,Trowsdale,mtrowsdaleog@shop-pro.jp,994-828-5694,0730 Lotheville Park,Capacho Viejo,,Venezuela,90
881,Nolan,Kalinowsky,nkalinowskyoh@g.co,142-338-3321,566 Mendota Alley,Sruki,,Indonesia,64
882,Eugenia,Basillon,ebasillonoi@posterous.com,243-674-8517,2 Spohn Crossing,Xiabuji,,China,85
883,Julina,Geach,jgeachoj@csmonitor.com,339-718-4466,97 Canary Parkway,Dainan,,China,47
884,Rodrigo,Calver,rcalverok@surveymonkey.com,504-343-6599,60023 Novick Alley,Sena Madureira,,Brazil,36
885,Dore,O'Gready,dogreadyol@independent.co.uk,469-117-7104,6927 Dottie Way,Maodao,,China,94
886,Arabel,Nightingale,anightingaleom@toplist.cz,943-396-6455,344 Lakewood Gardens Terrace,Kaesŏng,,North Korea,22
887,Krystyna,Romero,kromeroon@apache.org,441-557-7812,6813 Corben Lane,Umbuldamar,,Indonesia,84
888,Lee,Schimmang,lschimmangoo@cargocollective.com,624-715-5202,4785 School Place,Foumban,,Cameroon,45
889,Rea,Burwell,rburwellop@pcworld.com,331-249-9588,62408 Canary Hill,Edéa,,Cameroon,33
890,Warde,Davis,wdavisoq@ibm.com,919-493-9544,2274 Holy Cross Crossing,Faro,8,Portugal,87
891,Harley,Dinnington,hdinningtonor@statcounter.com,992-242-4649,650 Anderson Way,Ungus-Ungus,,Philippines,68
892,Ash,Rodmell,arodmellos@free.fr,671-367-0148,607 Larry Crossing,Dachuan,,China,90
893,Adeline,Moller,amollerot@telegraph.co.uk,569-837-4683,9187 1st Crossing,Ardee,,Ireland,21
894,Dewey,Pears,dpearsou@1688.com,687-557-4794,21793 Hayes Park,Yelizavetinskaya,,Russia,89
895,Robinet,Beton,rbetonov@mozilla.org,588-756-3024,79 Eastlawn Point,Binuangan,,Philippines,62
896,Kathie,Sone,ksoneow@google.com,232-226-6712,9 Ramsey Junction,Huangtan,,China,58
897,Rodrigo,Trench,rtrenchox@pen.io,282-991-0977,0 Mitchell Trail,Severomorsk,,Russia,71
898,Lauren,Cambell,lcambelloy@harvard.edu,399-822-8419,21221 High Crossing Place,Condega,,Nicaragua,34
899,Karlee,Mewis,kmewisoz@ox.ac.uk,176-417-5232,98 7th Hill,Cidolog,,Indonesia,53
900,Marin,Ortiger,mortigerp0@twitter.com,631-816-2572,46 Fisk Avenue,Kuching,SRW,Malaysia,66
901,Gard,Balden,gbaldenp1@meetup.com,614-621-1389,4961 Pierstorff Pass,Sukasenang,,Indonesia,24
902,Dieter,Constantinou,dconstantinoup2@ftc.gov,514-959-9800,6 Sullivan Way,Runaway Bay,,Jamaica,79
903,Margie,Southern,msouthernp3@huffingtonpost.com,310-732-2622,3 Gateway Junction,Menggala,,Indonesia,60
904,Trudi,Ducaen,tducaenp4@soup.io,445-844-6731,51710 Clyde Gallagher Hill,Le Mans,B5,France,93
905,Padget,Caughte,pcaughtep5@nytimes.com,926-271-2299,59755 Ludington Road,Chuhuyiv,,Ukraine,99
906,Francisco,Cokly,fcoklyp6@sbwire.com,885-489-5107,71 Monica Junction,Wakimachi,,Japan,46
907,Erma,De Filippi,edefilippip7@i2i.jp,420-444-9315,842 Starling Drive,Puor,,Indonesia,69
908,Aubrie,Lickorish,alickorishp8@drupal.org,818-715-4371,7469 Grasskamp Trail,Indaial,,Brazil,62
909,Travers,Amori,tamorip9@godaddy.com,298-989-2930,6 Menomonie Alley,Kalinkavichy,,Belarus,55
910,Huntington,Lugton,hlugtonpa@bing.com,418-476-1210,1 Basil Center,Korop,,Ukraine,21
911,Selma,Wolfer,swolferpb@virginia.edu,863-918-4919,011 Grayhawk Court,Chicheng,,China,63
912,Phaedra,Leitch,pleitchpc@fastcompany.com,287-552-4948,1 Morningstar Way,Chishui,,China,95
913,Emelda,Cleworth,ecleworthpd@baidu.com,549-753-0765,6140 Mesta Point,Liutao,,China,60
914,Rozamond,Heaslip,rheaslippe@narod.ru,911-758-5241,6162 Stone Corner Drive,Shamakhi,,Azerbaijan,60
915,Ronalda,Cluet,rcluetpf@goodreads.com,403-615-2822,44893 Gale Hill,Uitenhage,,South Africa,35
916,Lidia,Gerasch,lgeraschpg@studiopress.com,843-561-8288,8 Commercial Street,Shashi,,China,72
917,Ervin,Pickthorne,epickthorneph@istockphoto.com,516-136-3511,953 Green Road,Vaudreuil-Dorion,QC,Canada,50
918,Willie,Giroldi,wgiroldipi@apache.org,698-479-6089,897 Mayer Alley,Colegiales,,Argentina,98
919,Jeremy,Durie,jduriepj@github.io,586-460-2785,09 Rusk Court,Cabagan,,Philippines,74
920,Sheilakathryn,Schutter,sschutterpk@webeden.co.uk,920-698-9463,823 Vermont Way,Nato,,Philippines,92
921,Celka,Drescher,cdrescherpl@mail.ru,250-412-8553,47177 Nevada Avenue,Ubá,,Brazil,29
922,Geraldine,Scottrell,gscottrellpm@weebly.com,110-514-3567,242 Magdeline Hill,Iquique,,Chile,52
923,Hildagard,Muffin,hmuffinpn@soup.io,706-813-6842,23 Dovetail Pass,Kawęczyn,,Poland,85
924,Holt,Fermoy,hfermoypo@cafepress.com,301-713-0322,76 Londonderry Hill,Tầm Vu,,Vietnam,90
925,Russ,Baggs,rbaggspp@quantcast.com,362-342-6600,428 Blackbird Drive,Hanlin,,China,53
926,Kipp,Dislee,kdisleepq@exblog.jp,123-259-1085,14659 Vernon Trail,Cagmanaba,,Philippines,97
927,Gale,Archdeacon,garchdeaconpr@reverbnation.com,811-429-5371,5 Ilene Trail,Cerro Blanco,,Honduras,52
928,Shanta,Hindenburg,shindenburgps@rediff.com,798-418-4893,4311 4th Park,Medicine Hat,AB,Canada,38
929,Buck,Stodhart,bstodhartpt@bandcamp.com,333-899-1797,27 Pepper Wood Junction,Hangkou,,China,37
930,Rodie,Simonite,rsimonitepu@flavors.me,998-118-9900,4 Texas Lane,Casilda,,Argentina,61
931,Elden,Rudolph,erudolphpv@columbia.edu,431-939-5772,4 Meadow Ridge Parkway,Miguel Hidalgo,GUA,Mexico,22
932,Zaria,Baff,zbaffpw@nationalgeographic.com,812-953-5090,6626 Luster Hill,Novonukutskiy,,Russia,52
933,Melonie,Manna,mmannapx@networkadvertising.org,754-442-8255,493 Melby Park,Palaiópyrgos,,Greece,23
934,Joye,Axelby,jaxelbypy@hhs.gov,708-166-1781,3 Anderson Terrace,Mataya,,Philippines,56
935,Gertrudis,Fuente,gfuentepz@shutterfly.com,382-345-2855,620 Columbus Way,Orahovica Donja,,Bosnia and Herzegovina,20
936,Sergent,MacSorley,smacsorleyq0@samsung.com,146-438-1979,77663 Sunfield Road,Magallon Cadre,,Philippines,91
937,Bee,Alty,baltyq1@e-recht24.de,953-422-8667,50216 Mallard Parkway,Kalapadua,,Indonesia,23
938,Lurette,Bacon,lbaconq2@latimes.com,311-142-7136,5023 Forest Plaza,Makilala,,Philippines,27
939,Miltie,Kahen,mkahenq3@t.co,554-144-1950,46640 Dawn Junction,Krasnyy Klyuch,,Russia,38
940,Jillane,Curton,jcurtonq4@ftc.gov,682-837-7195,553 Sunbrook Road,At Tibnī,,Syria,75
941,Wright,Putman,wputmanq5@odnoklassniki.ru,561-285-1600,80614 Loeprich Parkway,Sayansk,,Russia,99
942,Hube,Gallager,hgallagerq6@discuz.net,453-689-4396,41 Hollow Ridge Place,Větřní,,Czech Republic,79
943,Davey,Fullerton,dfullertonq7@hexun.com,266-702-6695,7799 Anthes Circle,Changcun,,China,75
944,Sophey,Millett,smillettq8@webmd.com,619-176-9496,64 Barby Drive,Dongluqiao,,China,19
945,Niel,Jackes,njackesq9@com.com,333-946-4716,9722 Helena Point,Hongshanzui,,China,18
946,Madlin,Borge,mborgeqa@mozilla.org,154-498-5608,3 Little Fleur Alley,Oslo,3,Norway,92
947,Terrill,Kondratenko,tkondratenkoqb@mapy.cz,595-538-0058,237 Mandrake Trail,Xindi,,China,76
948,Rabi,Conford,rconfordqc@yahoo.co.jp,423-512-6669,800 Cottonwood Avenue,Ninghai,,China,47
949,Eward,Stotherfield,estotherfieldqd@xinhuanet.com,859-674-0674,6 Blackbird Avenue,Morangis,A8,France,69
950,Alethea,McDunlevy,amcdunlevyqe@dailymotion.com,274-869-5641,62 Longview Terrace,Gurupi,,Brazil,96
951,Joline,Gregs,jgregsqf@mac.com,449-168-3318,6 Clarendon Pass,Dřiteň,,Czech Republic,31
952,Lilia,Middleweek,lmiddleweekqg@scientificamerican.com,860-563-9342,78 Macpherson Avenue,Hunkuyi,,Nigeria,74
953,Bernie,Drinkel,bdrinkelqh@google.com.hk,139-568-9327,695 Morrow Crossing,Oldřišov,,Czech Republic,47
954,Almeria,Trusslove,atrussloveqi@instagram.com,547-525-2272,545 6th Court,Okocim,,Poland,21
955,Gaspar,Shane,gshaneqj@webeden.co.uk,206-264-0819,9596 Hudson Center,Futu,,China,56
956,Barb,Swyn,bswynqk@psu.edu,441-141-7684,55707 Mayer Road,Trubchevsk,,Russia,58
957,Anita,Gatley,agatleyql@ning.com,623-884-4252,63959 Spaight Avenue,Roubaix,B4,France,48
958,Cathi,Alpine,calpineqm@discovery.com,186-792-6973,2180 Forest Dale Street,Duzhou,,China,31
959,Gare,Brightey,gbrighteyqn@creativecommons.org,389-552-7068,31 Lindbergh Terrace,Sélestat,C1,France,75
960,Halsy,Keningley,hkeningleyqo@photobucket.com,845-387-0613,6606 Memorial Circle,Níkaia,,Greece,59
961,Nike,Watling,nwatlingqp@wunderground.com,781-954-5204,9 Debs Plaza,Lahan Sai,,Thailand,32
962,Ezri,Bartrum,ebartrumqq@goo.gl,704-936-6309,302 Westport Road,Chornobay,,Ukraine,66
963,Daron,Murkin,dmurkinqr@nydailynews.com,727-645-0342,0 Dahle Hill,Sukamulia,,Indonesia,33
964,Hanna,Daddow,hdaddowqs@economist.com,592-919-9569,37 Armistice Pass,Seke,,China,72
965,Maribel,Hartegan,mharteganqt@pagesperso-orange.fr,387-406-1231,62 Service Hill,Az Zubaydāt,,Palestinian Territory,100
966,Nathalie,Haydock,nhaydockqu@cbc.ca,862-672-9806,34365 Oxford Street,Almaguer,,Colombia,61
967,Selina,Haslegrave,shaslegraveqv@usnews.com,231-551-2460,5918 Erie Crossing,Rakhiv,,Ukraine,60
968,Leyla,Avramovsky,lavramovskyqw@barnesandnoble.com,737-359-2640,3 Ryan Park,Camacupa,,Angola,96
969,Devlin,Tortoishell,dtortoishellqx@vimeo.com,501-540-4699,79 Schlimgen Place,Huangban,,China,73
970,Jard,Clowley,jclowleyqy@oracle.com,919-206-1542,034 Holmberg Drive,Białobrzegi,,Poland,59
971,Lin,Robrose,lrobroseqz@whitehouse.gov,384-296-7665,0 Prentice Drive,Huarong,,China,61
972,Sheppard,Duchateau,sduchateaur0@spotify.com,415-279-9307,1654 Hovde Pass,Kinalansan,,Philippines,82
973,Arnoldo,Fullom,afullomr1@nationalgeographic.com,502-307-1513,55257 Grayhawk Parkway,Hacı Zeynalabdin,,Azerbaijan,91
974,Kaela,Massimo,kmassimor2@technorati.com,941-697-4035,28295 Merrick Place,Kozlovice,,Czech Republic,47
975,Daisey,Berrisford,dberrisfordr3@scientificamerican.com,358-151-2614,82819 Ohio Park,Wilwerwiltz,,Luxembourg,84
976,Marshal,Mantrup,mmantrupr4@ucsd.edu,459-873-4649,17934 Talmadge Lane,Zhlobin,,Belarus,36
977,Gibby,Roggieri,groggierir5@businesswire.com,310-949-0641,249 Toban Circle,Januszkowice,,Poland,100
978,Filbert,Hudspeth,fhudspethr6@barnesandnoble.com,950-358-7030,64948 Sommers Plaza,Los Andes,,Chile,96
979,Desmond,Puttnam,dputtnamr7@geocities.jp,424-161-5877,121 Manley Plaza,Sainte-Anne-des-Monts,QC,Canada,63
980,Reba,Spruce,rsprucer8@nytimes.com,729-628-3907,3290 Jenna Trail,Sugihwaras,,Indonesia,90
981,Karlan,Barrim,kbarrimr9@bloglovin.com,127-202-6305,5939 Delaware Plaza,Oksa,,Poland,60
982,Tris,Piller,tpillerra@phoca.cz,316-215-1347,125 Mosinee Park,Barra Bonita,,Brazil,82
983,Julian,Tubb,jtubbrb@php.net,973-938-3451,763 Parkside Lane,Seltjarnarnes,,Iceland,83
984,Iosep,Manifould,imanifouldrc@dmoz.org,935-483-8415,59 Weeping Birch Trail,Mosteiró,13,Portugal,30
985,Lindi,Schwander,lschwanderrd@ucsd.edu,657-687-2654,00 Old Shore Junction,Ampera,,Indonesia,63
986,Olive,Middup,omiddupre@furl.net,188-235-8325,303 Lien Drive,Kombissiri,,Burkina Faso,93
987,Alli,Chapman,achapmanrf@mtv.com,870-964-4281,454 Springview Pass,Vysotsk,,Russia,100
988,Gabey,McAuslene,gmcauslenerg@naver.com,993-794-1293,217 Hooker Trail,Baltiysk,,Russia,54
989,Crosby,Arundel,carundelrh@wunderground.com,600-758-6348,06893 Melrose Park,Belén,,Uruguay,84
990,Richard,Lantaph,rlantaphri@vkontakte.ru,822-809-5074,164 Hooker Court,Potelych,,Ukraine,19
991,Wallie,Louiset,wlouisetrj@bluehost.com,128-651-9604,8939 Stuart Crossing,Lijia,,China,80
992,Bernhard,Oen,boenrk@wikipedia.org,296-985-1281,8 Brown Court,Świętochłowice,,Poland,63
993,Haskel,Paaso,hpaasorl@squidoo.com,984-564-7597,3 Hazelcrest Crossing,Lobitos,,Peru,100
994,Gaspar,Pim,gpimrm@craigslist.org,920-502-2713,152 Almo Alley,El Viejo,,Nicaragua,50
995,Dyana,Arkow,darkowrn@moonfruit.com,956-897-7534,53400 Hazelcrest Hill,Dangmu,,China,26
996,Vergil,Jennick,vjennickro@nasa.gov,909-863-2174,41033 Westridge Place,Los Patios,,Colombia,86
997,Lucius,Jess,ljessrp@people.com.cn,251-301-2669,3367 Sauthoff Street,Ozalj,,Croatia,84
998,Cello,Ledstone,cledstonerq@hostgator.com,639-933-5720,238 Packers Terrace,San Agustín,,Colombia,33
999,Floris,Styant,fstyantrr@google.de,851-743-4871,00081 Grayhawk Street,Lap Lae,,Thailand,54
